InventoryID,Filename,URI
1,kor_SPA1979_phon.pdf,https://archive.org/details/kor_SPA1979_phon
2,ket_SPA1979_phon.pdf,https://archive.org/details/ket_SPA1979_phon
3,lbe_SPA1979_phon.pdf,https://archive.org/details/lbe_SPA1979_phon
4,kbd_SPA1979_phon.pdf,https://archive.org/details/kbd_SPA1979_phon
5,kat_SPA1979_phon.pdf,https://archive.org/details/kat_SPA1979_phon
6,bsk_SPA1979_phon.pdf,https://archive.org/details/bsk_SPA1979_phon
7,kru_SPA1979_phon.pdf,https://archive.org/details/kru_SPA1979_phon
8,tel_SPA1979_phon.pdf,https://archive.org/details/tel_SPA1979_phon
9,kfe_SPA1979_phon.pdf,https://archive.org/details/kfe_SPA1979_phon
10,unr_SPA1979_phon.pdf,https://archive.org/details/unr_SPA1979_phon
11,khr_SPA1979_phon.pdf,https://archive.org/details/khr_SPA1979_phon
12,kha_SPA1979_phon.pdf,https://archive.org/details/kha_SPA1979_phon
13,sed_SPA1979_phon.pdf,https://archive.org/details/sed_SPA1979_phon
14,khm_SPA1979_phon.pdf,https://archive.org/details/khm_SPA1979_phon
15,vie_SPA1979_phon.pdf,https://archive.org/details/vie_SPA1979_phon
16,cmn_SPA1979_phon.pdf,https://archive.org/details/cmn_SPA1979_phon
17,wuu_SPA1979_phon.pdf,https://archive.org/details/wuu_SPA1979_phon
18,hak_SPA1979_phon.pdf,https://archive.org/details/hak_SPA1979_phon
19,yue_SPA1979_phon.pdf,https://archive.org/details/yue_SPA1979_phon
20,ium_SPA1979_phon.pdf,https://archive.org/details/ium_SPA1979_phon
21,dap_SPA1979_phon.pdf,https://archive.org/details/dap_SPA1979_phon
22,mya_SPA1979_phon.pdf,https://archive.org/details/mya_SPA1979_phon
23,lhu_SPA1979_phon.pdf,https://archive.org/details/lhu_SPA1979_phon
24,grt_SPA1979_phon.pdf,https://archive.org/details/grt_SPA1979_phon
25,ksw_SPA1979_phon.pdf,https://archive.org/details/ksw_SPA1979_phon
26,lbc_SPA1979_phon.pdf,https://archive.org/details/lbc_SPA1979_phon
27,tha_SPA1979_phon.pdf,https://archive.org/details/tha_SPA1979_phon
28,pcc_SPA1979_phon.pdf,https://archive.org/details/pcc_SPA1979_phon
29,cjm_SPA1979_phon.pdf,https://archive.org/details/cja_SPA1979_phon
30,tay_SPA1979_phon.pdf,https://archive.org/details/tay_SPA1979_phon
31,plt_SPA1979_phon.pdf,https://archive.org/details/plt_SPA1979_phon
32,zsm_SPA1979_phon.pdf,https://archive.org/details/zsm_SPA1979_phon
33,btx_SPA1979_phon.pdf,https://archive.org/details/btx_SPA1979_phon
34,snv_SPA1979_phon.pdf,https://archive.org/details/snv_SPA1979_phon
35,sun_SPA1979_phon.pdf,https://archive.org/details/sun_SPA1979_phon
36,jav_SPA1979_phon.pdf,https://archive.org/details/jav_SPA1979_phon
37,tgl_SPA1979_phon.pdf,https://archive.org/details/tgl_SPA1979_phon
38,cha_SPA1979_phon.pdf,https://archive.org/details/cha_SPA1979_phon
39,iai_SPA1979_phon.pdf,https://archive.org/details/iai_SPA1979_phon
40,khl_SPA1979_phon.pdf,https://archive.org/details/khl_SPA1979_phon
41,azr_SPA1979_phon.pdf,https://archive.org/details/azr_SPA1979_phon
42,mri_SPA1979_phon.pdf,https://archive.org/details/mri_SPA1979_phon
43,haw_SPA1979_phon.pdf,https://archive.org/details/haw_SPA1979_phon
44,ant_SPA1979_phon.pdf,https://archive.org/details/ant_SPA1979_phon
45,nna_SPA1979_phon.pdf,https://archive.org/details/nna_SPA1979_phon
46,kjn_SPA1979_phon.pdf,https://archive.org/details/kjn_SPA1979_phon
47,zmr_SPA1979_phon.pdf,https://archive.org/details/zmr_SPA1979_phon
48,mph_SPA1979_phon.pdf,https://archive.org/details/mph_SPA1979_phon
49,nuy_SPA1979_phon.pdf,https://archive.org/details/nuy_SPA1979_phon
50,alh_SPA1979_phon.pdf,https://archive.org/details/alh_SPA1979_phon
51,wim_SPA1979_phon.pdf,https://archive.org/details/wim_SPA1979_phon
52,set_SPA1979_phon.pdf,https://archive.org/details/set_SPA1979_phon
53,kmo_SPA1979_phon.pdf,https://archive.org/details/kmo_SPA1979_phon
54,tml_SPA1979_phon.pdf,https://archive.org/details/tml_SPA1979_phon
55,tlf_SPA1979_phon.pdf,https://archive.org/details/tlf_SPA1979_phon
56,gaj_SPA1979_phon.pdf,https://archive.org/details/gaj_SPA1979
57,auy_SPA1979_phon.pdf,https://archive.org/details/auy_SPA1979_phon
58,kup_SPA1979_phon.pdf,https://archive.org/details/kup_SPA1979_phon
59,spl_SPA1979_phon.pdf,https://archive.org/details/spl_SPA1979_phon
60,nas_SPA1979_phon.pdf,https://archive.org/details/nas_SPA1979_phon
61,ale_SPA1979_phon.pdf,https://archive.org/details/ale_SPA1979_phon
62,kal_SPA1979_phon.pdf,https://archive.org/details/kal_SPA1979_phon
63,chp_SPA1979_phon.pdf,https://archive.org/details/chp_SPA1979_phon
64,tol_SPA1979_phon.pdf,https://archive.org/details/tol_SPA1979_phon
65,hup_SPA1979_phon.pdf,https://archive.org/details/hup_SPA1979_phon
66,nav_SPA1979_phon.pdf,https://archive.org/details/nav_SPA1979_phon
67,hax_SPA1979_phon.pdf,https://archive.org/details/hdn_SPA1979_phon
68,squ_SPA1979_phon.pdf,https://archive.org/details/squ_SPA1979_phon
69,str_SPA1979_phon.pdf,https://archive.org/details/str_SPA1979_phon
70,noo_SPA1979_phon.pdf,https://archive.org/details/noo_SPA1979_phon
71,kwk_SPA1979_phon.pdf,https://archive.org/details/kwk_SPA1979_phon
72,ojg_SPA1979_phon.pdf,https://archive.org/details/ojg_SPA1979_phon
73,unm_SPA1979_phon.pdf,https://archive.org/details/unm_SPA1979_phon
74,wic_SPA1979_phon.pdf,https://archive.org/details/wic_SPA1979_phon
75,lkt_SPA1979_phon.pdf,https://archive.org/details/lkt_SPA1979_phon
76,see_SPA1979_phon.pdf,https://archive.org/details/see_SPA1979_phon
77,one_SPA1979_phon.pdf,https://archive.org/details/one_SPA1979_phon
78,yuc_SPA1979_phon.pdf,https://archive.org/details/yuc_SPA1979_phon
79,akz_SPA1979_phon.pdf,https://archive.org/details/akz_SPA1979_phon
80,tun_SPA1979_phon.pdf,https://archive.org/details/tun_SPA1979_phon
81,nez_SPA1979_phon.pdf,https://archive.org/details/nez_SPA1979_phon
82,nmu_SPA1979_phon.pdf,https://archive.org/details/nmu_SPA1979_phon
83,zoc_SPA1979_phon.pdf,https://archive.org/details/zoc_SPA1979_phon
84,top_SPA1979_phon.pdf,https://archive.org/details/top_SPA1979_phon
85,chf_SPA1979_phon.pdf,https://archive.org/details/chf_SPA1979_phon
86,tzh_SPA1979_phon.pdf,https://archive.org/details/tzh_SPA1979_phon
87,tsz_SPA1979_phon.pdf,https://archive.org/details/tsz_SPA1979_phon
88,kyh_SPA1979_phon.pdf,https://archive.org/details/kyh_SPA1979_phon
89,pom_SPA1979_phon.pdf,https://archive.org/details/pom_SPA1979_phon
90,dih_SPA1979_phon.pdf,https://archive.org/details/dih_SPA1979_phon
91,zun_SPA1979_phon.pdf,https://archive.org/details/zun_SPA1979_phon
92,tix_SPA1979_phon.pdf,https://archive.org/details/tix_SPA1979_phon
93,tew_SPA1979_phon.pdf,https://archive.org/details/tew_SPA1979_phon
94,lui_SPA1979_phon.pdf,https://archive.org/details/lui_SPA1979_phon
95,hop_SPA1979_phon.pdf,https://archive.org/details/hop_SPA1979_phon
96,ood_SPA1979_phon.pdf,https://archive.org/details/ood_SPA1979_phon
97,ote_SPA1979_phon.pdf,https://archive.org/details/ote_SPA1979_phon
98,maz_SPA1979_phon.pdf,https://archive.org/details/maz_SPA1979_phon
99,maq_SPA1979_phon.pdf,https://archive.org/details/maq_SPA1979_phon
100,mig_SPA1979_phon.pdf,https://archive.org/details/mig_SPA1979_phon
101,cbi_SPA1979_phon.pdf,https://archive.org/details/cbi_SPA1979_phon
102,pbb_SPA1979_phon.pdf,https://archive.org/details/pbb_SPA1979_phon
103,ito_SPA1979_phon.pdf,https://archive.org/details/ito_SPA1979_phon
104,quh_SPA1979_phon.pdf,https://archive.org/details/quh_SPA1979_phon
105,ayr_SPA1979_phon.pdf,https://archive.org/details/ayr_SPA1979_phon
106,arn_SPA1979_phon.pdf,https://archive.org/details/arn_SPA1979_phon
107,crb_SPA1979_phon.pdf,https://archive.org/details/crb_SPA1979_phon
108,wap_SPA1979_phon.pdf,https://archive.org/details/wap_SPA1979_phon
109,guc_SPA1979_phon.pdf,https://archive.org/details/guc_SPA1979_phon
110,cni_SPA1979_phon.pdf,https://archive.org/details/cni_SPA1979_phon
111,ign_SPA1979_phon.pdf,https://archive.org/details/ign_SPA1979_phon
112,ame_SPA1979_phon.pdf,https://archive.org/details/ame_SPA1979_phon
113,ary_SPA1979_phon.pdf,https://archive.org/details/jiv_SPA1979_phon
114,mlt_SPA1979_phon.pdf,https://archive.org/details/bao_SPA1979_phon
115,tca_SPA1979_phon.pdf,https://archive.org/details/tca_SPA1979_phon
116,car_SPA1979_phon.pdf,https://archive.org/details/car_SPA1979_phon
117,oca_SPA1979_phon.pdf,https://archive.org/details/oca_SPA1979_phon
118,srq_SPA1979_phon.pdf,https://archive.org/details/srq_SPA1979_phon
119,gug_SPA1979_phon.pdf,https://archive.org/details/gug_SPA1979_phon
120,amc_SPA1979_phon.pdf,https://archive.org/details/amc_SPA1979_phon
121,cao_SPA1979_phon.pdf,https://archive.org/details/cao_SPA1979_phon
122,apn_SPA1979_phon.pdf,https://archive.org/details/apn_SPA1979_phon
123,rif_SPA1979_phon.pdf,https://archive.org/details/rif_SPA1979_phon
124,hau_SPA1979_phon.pdf,https://archive.org/details/hau_SPA1979_phon
125,anc_SPA1979_phon.pdf,https://archive.org/details/anc_SPA1979_phon
126,mrt_SPA1979_phon.pdf,https://archive.org/details/mrt_SPA1979_phon
127,som_SPA1979_phon.pdf,https://archive.org/details/som_SPA1979_phon
128,awn_SPA1979_phon.pdf,https://archive.org/details/awn_SPA1979_phon
129,irk_SPA1979_phon.pdf,https://archive.org/details/irk_SPA1979_phon
130,tig_SPA1979_phon.pdf,https://archive.org/details/tig_SPA1979_phon
131,amh_SPA1979_phon.pdf,https://archive.org/details/amh_SPA1979_phon
132,arz_SPA1979_phon.pdf,https://archive.org/details/arz_SPA1979_phon
133,ary_SPA1979_phon.pdf,https://archive.org/details/ary_SPA1979_phon
134,mlt_SPA1979_phon.pdf,https://archive.org/details/mlt_SPA1979_phon
135,heb_SPA1979_phon.pdf,https://archive.org/details/heb_SPA1979_phon
136,xtc_SPA1979_phon.pdf,https://archive.org/details/xtc_SPA1979_phon
137,xpe_SPA1979_phon.pdf,https://archive.org/details/xpe_SPA1979_phon
138,wol_SPA1979_phon.pdf,https://archive.org/details/wol_SPA1979_phon
139,dag_SPA1979_phon.pdf,https://archive.org/details/dag_SPA1979_phon
140,aka_SPA1979_phon.pdf,https://archive.org/details/aka_SPA1979_phon
141,gaa_SPA1979_phon.pdf,https://archive.org/details/gaa_SPA1979_phon
142,ewe_SPA1979_phon.pdf,https://archive.org/details/ewe_SPA1979_phon
143,ibo_SPA1979_phon.pdf,https://archive.org/details/ibo_SPA1979_phon
144,beq_SPA1979_phon.pdf,https://archive.org/details/beq_SPA1979_phon
145,swh_SPA1979_phon.pdf,https://archive.org/details/swh_SPA1979_phon
146,lue_SPA1979_phon.pdf,https://archive.org/details/lue_SPA1979_phon
147,zul_SPA1979_phon.pdf,https://archive.org/details/zul_SPA1979_phon
148,gbp_SPA1979_phon.pdf,https://archive.org/details/gbp_SPA1979_phon
149,ses_SPA1979_phon.pdf,https://archive.org/details/ses_SPA1979_phon
150,knc_SPA1979_phon.pdf,https://archive.org/details/knc_SPA1979_phon
151,lgg-SPA1979_phon.pdf,NA
152,fia_SPA1979_phon.pdf,https://archive.org/details/fia_SPA1979_phon
153,luo_SPA1979_phon.pdf,https://archive.org/details/luo_SPA1979_phon
154,mas_SPA1979_phon.pdf,https://archive.org/details/mas_SPA1979_phon
155,naq_SPA1979_phon.pdf,https://archive.org/details/naq_SPA1979_phon
156,gle_SPA1979_phon.pdf,https://archive.org/details/gle_SPA1979_phon
157,bre_SPA1979_phon.pdf,https://archive.org/details/bre_SPA1979_phon
158,isl_SPA1979_phon.pdf,https://archive.org/details/isl_SPA1979_phon
159,nob_SPA1979_phon.pdf,https://archive.org/details/nob_SPA1979_phon
160,eng_SPA1979_phon.pdf,https://archive.org/details/eng_SPA1979_phon
161,deu_SPA1979_phon.pdf,https://archive.org/details/deu_SPA1979_phon
162,fra_SPA1979_phon.pdf,https://archive.org/details/fra_SPA1979_phon
163,por_SPA1979_phon.pdf,https://archive.org/details/por_SPA1979_phon
164,spa_SPA1979_phon.pdf,https://archive.org/details/spa_SPA1979_phon
165,ron_SPA1979_phon.pdf,https://archive.org/details/ron_SPA1979_phon
166,rus_SPA1979_phon.pdf,https://archive.org/details/rus_SPA1979_phon
167,bul_SPA1979_phon.pdf,https://archive.org/details/bul_SPA1979_phon
168,lit_SPA1979_phon.pdf,https://archive.org/details/lit_SPA1979_phon
169,sqi_SPA1979_phon.pdf,https://archive.org/details/sqi_SPA1979_phon
170,ell_SPA1979_phon.pdf,https://archive.org/details/ell_SPA1979_phon
171,hye_SPA1979_phon.pdf,https://archive.org/details/hye_SPA1979_phon
172,pes_SPA1979_phon.pdf,https://archive.org/details/pes_SPA1979_phon
173,pst_SPA1979_phon.pdf,https://archive.org/details/pst_SPA1979_phon
174,kas_SPA1979_phon.pdf,https://archive.org/details/kas_SPA1979_phon
175,pan_SPA1979_phon.pdf,https://archive.org/details/pan_SPA1979_phon
176,hin_SPA1979_phon.pdf,https://archive.org/details/hin_SPA1979_phon
177,ben_SPA1979_phon.pdf,https://archive.org/details/ben_SPA1979_phon
178,sin_SPA1979_phon.pdf,https://archive.org/details/sin_SPA1979_phon
179,eus_SPA1979_phon.pdf,https://archive.org/details/eus_SPA1979_phon
180,fin_SPA1979_phon.pdf,https://archive.org/details/fin_SPA1979_phon
181,mhr_SPA1979_phon.pdf,https://archive.org/details/mhr_SPA1979_phon
182,kpv_SPA1979_phon.pdf,https://archive.org/details/kpv_SPA1979_phon
183,hun_SPA1979_phon.pdf,https://archive.org/details/hun_SPA1979_phon
184,kca_SPA1979_phon.pdf,https://archive.org/details/kca_SPA1979_phon
185,yrk_SPA1979_phon.pdf,https://archive.org/details/yrk_SPA1979_phon
186,tur_SPA1979_phon.pdf,https://archive.org/details/tur_SPA1979_phon
187,aze_SPA1979_phon.pdf,https://archive.org/details/aze_SPA1979_phon
188,kir_SPA1979_phon.pdf,https://archive.org/details/kir_SPA1979_phon
189,chv_SPA1979_phon.pdf,https://archive.org/details/chv_SPA1979_phon
190,sah_SPA1979_phon.pdf,https://archive.org/details/sah_SPA1979_phon
191,khk_SPA1979_phon.pdf,https://archive.org/details/khk_SPA1979_phon
192,eve_SPA1979_phon.pdf,https://archive.org/details/eve_SPA1979_phon
193,ykg_SPA1979_phon.pdf,https://archive.org/details/ykg_SPA1979_phon
194,niv_SPA1979_phon.pdf,https://archive.org/details/niv_SPA1979_phon
195,ckt_SPA1979_phon.pdf,https://archive.org/details/ckt_SPA1979_phon
196,ain_SPA1979_phon.pdf,NA
197,jpn_SPA1979_phon.pdf,https://archive.org/details/jpn_SPA1979_phon
198,NA,http://web.phonetik.uni-frankfurt.de/L/L4373.html
199,NA,http://web.phonetik.uni-frankfurt.de/L/L6744.html
200,NA,http://web.phonetik.uni-frankfurt.de/L/L2419.html
201,NA,http://web.phonetik.uni-frankfurt.de/L/L8362.html
202,NA,http://web.phonetik.uni-frankfurt.de/L/L8635.html
203,NA,http://web.phonetik.uni-frankfurt.de/L/L8627.html
204,NA,http://web.phonetik.uni-frankfurt.de/L/L4134.html
205,NA,http://web.phonetik.uni-frankfurt.de/L/L4131.html
206,NA,http://web.phonetik.uni-frankfurt.de/L/L6108.html
207,NA,http://web.phonetik.uni-frankfurt.de/L/L2140.html
208,NA,http://web.phonetik.uni-frankfurt.de/L/L4115.html
209,NA,http://web.phonetik.uni-frankfurt.de/L/L6853.html
210,NA,http://web.phonetik.uni-frankfurt.de/L/L6759.html
211,NA,http://web.phonetik.uni-frankfurt.de/L/L6859.html
212,NA,http://web.phonetik.uni-frankfurt.de/L/L4152.html
213,NA,http://web.phonetik.uni-frankfurt.de/L/L6900.html
214,NA,http://web.phonetik.uni-frankfurt.de/L/L8354.html
215,NA,http://web.phonetik.uni-frankfurt.de/L/L2021.html
216,NA,http://web.phonetik.uni-frankfurt.de/L/L6810.html
217,NA,http://web.phonetik.uni-frankfurt.de/L/L6824.html
218,NA,http://web.phonetik.uni-frankfurt.de/L/L4365.html
219,NA,http://web.phonetik.uni-frankfurt.de/L/L4352.html
220,NA,http://web.phonetik.uni-frankfurt.de/L/L4122.html
221,NA,http://web.phonetik.uni-frankfurt.de/L/L8634.html
222,NA,http://web.phonetik.uni-frankfurt.de/L/L6770.html
223,NA,http://web.phonetik.uni-frankfurt.de/L/L4367.html
224,NA,http://web.phonetik.uni-frankfurt.de/L/L6851.html
225,NA,http://web.phonetik.uni-frankfurt.de/L/L8360.html
226,NA,http://web.phonetik.uni-frankfurt.de/L/L6809.html
227,NA,http://web.phonetik.uni-frankfurt.de/L/L8600.html
228,NA,http://web.phonetik.uni-frankfurt.de/L/L2605.html
229,NA,http://web.phonetik.uni-frankfurt.de/L/L6817.html
230,NA,http://web.phonetik.uni-frankfurt.de/L/L6837.html
231,NA,http://web.phonetik.uni-frankfurt.de/L/L4350.html
232,NA,http://web.phonetik.uni-frankfurt.de/L/L6818.html
233,NA,http://web.phonetik.uni-frankfurt.de/L/L2606.html
234,NA,http://web.phonetik.uni-frankfurt.de/L/L4359.html
235,NA,http://web.phonetik.uni-frankfurt.de/L/L6815.html
236,NA,http://web.phonetik.uni-frankfurt.de/L/L2159.html
237,NA,http://web.phonetik.uni-frankfurt.de/L/L2163.html
238,NA,http://web.phonetik.uni-frankfurt.de/L/L4105.html
239,NA,http://web.phonetik.uni-frankfurt.de/L/L6832.html
240,NA,http://web.phonetik.uni-frankfurt.de/L/L4113.html
241,NA,http://web.phonetik.uni-frankfurt.de/L/L2413.html
242,NA,http://web.phonetik.uni-frankfurt.de/L/L2604.html
243,NA,http://web.phonetik.uni-frankfurt.de/L/L4138.html
244,NA,http://web.phonetik.uni-frankfurt.de/L/L2506.html
245,NA,http://web.phonetik.uni-frankfurt.de/L/L8357.html
246,NA,http://web.phonetik.uni-frankfurt.de/L/L4136.html
247,NA,http://web.phonetik.uni-frankfurt.de/L/L2412.html
248,NA,http://web.phonetik.uni-frankfurt.de/L/L8368.html
249,NA,http://web.phonetik.uni-frankfurt.de/L/L4361.html
250,NA,http://web.phonetik.uni-frankfurt.de/L/L2017.html
251,NA,http://web.phonetik.uni-frankfurt.de/L/L4123.html
252,NA,http://web.phonetik.uni-frankfurt.de/L/L4144.html
253,NA,http://web.phonetik.uni-frankfurt.de/L/L4104.html
254,NA,http://web.phonetik.uni-frankfurt.de/L/L6856.html
255,NA,http://web.phonetik.uni-frankfurt.de/L/L6771.html
256,NA,http://web.phonetik.uni-frankfurt.de/L/L6806.html
257,NA,http://web.phonetik.uni-frankfurt.de/L/L4120.html
258,NA,http://web.phonetik.uni-frankfurt.de/L/L6850.html
259,NA,http://web.phonetik.uni-frankfurt.de/L/L2311.html
260,NA,http://web.phonetik.uni-frankfurt.de/L/L2002.html
261,NA,http://web.phonetik.uni-frankfurt.de/L/L2917.html
262,NA,http://web.phonetik.uni-frankfurt.de/L/L2316.html
263,NA,http://web.phonetik.uni-frankfurt.de/L/L2515.html
264,NA,http://web.phonetik.uni-frankfurt.de/L/L2715.html
265,NA,http://web.phonetik.uni-frankfurt.de/L/L2009.html
266,NA,http://web.phonetik.uni-frankfurt.de/L/L8352.html
267,NA,http://web.phonetik.uni-frankfurt.de/L/L8631.html
268,NA,http://web.phonetik.uni-frankfurt.de/L/L6801.html
269,NA,http://web.phonetik.uni-frankfurt.de/L/L6775.html
270,NA,http://web.phonetik.uni-frankfurt.de/L/L6814.html
271,NA,http://web.phonetik.uni-frankfurt.de/L/L2313.html
272,NA,http://web.phonetik.uni-frankfurt.de/L/L6807.html
273,NA,http://web.phonetik.uni-frankfurt.de/L/L6803.html
274,NA,http://web.phonetik.uni-frankfurt.de/L/L2315.html
275,NA,http://web.phonetik.uni-frankfurt.de/L/L6864.html
276,NA,http://web.phonetik.uni-frankfurt.de/L/L2505.html
277,NA,http://web.phonetik.uni-frankfurt.de/L/L2416.html
278,NA,http://web.phonetik.uni-frankfurt.de/L/L6106.html
279,NA,http://web.phonetik.uni-frankfurt.de/L/L6786.html
280,NA,http://web.phonetik.uni-frankfurt.de/L/L6781.html
281,NA,http://web.phonetik.uni-frankfurt.de/L/L2160.html
282,NA,http://web.phonetik.uni-frankfurt.de/L/L2411.html
283,NA,http://web.phonetik.uni-frankfurt.de/L/L6773.html
284,NA,http://web.phonetik.uni-frankfurt.de/L/L8611.html
285,NA,http://web.phonetik.uni-frankfurt.de/L/L2708.html
286,NA,http://web.phonetik.uni-frankfurt.de/L/L2500.html
287,NA,http://web.phonetik.uni-frankfurt.de/L/L2432.html
288,NA,http://web.phonetik.uni-frankfurt.de/L/L6825.html
289,NA,http://web.phonetik.uni-frankfurt.de/L/L6836.html
290,NA,http://web.phonetik.uni-frankfurt.de/L/L4145.html
291,NA,http://web.phonetik.uni-frankfurt.de/L/L2519.html
292,NA,http://web.phonetik.uni-frankfurt.de/L/L6823.html
293,NA,http://web.phonetik.uni-frankfurt.de/L/L2513.html
294,NA,http://web.phonetik.uni-frankfurt.de/L/L6729.html
295,NA,http://web.phonetik.uni-frankfurt.de/L/L6846.html
296,NA,http://web.phonetik.uni-frankfurt.de/L/L6840.html
297,NA,http://web.phonetik.uni-frankfurt.de/L/L4374.html
298,NA,http://web.phonetik.uni-frankfurt.de/L/L4106.html
299,NA,http://web.phonetik.uni-frankfurt.de/L/L4110.html
300,NA,http://web.phonetik.uni-frankfurt.de/L/L4225.html
301,NA,http://web.phonetik.uni-frankfurt.de/L/L4372.html
302,NA,http://web.phonetik.uni-frankfurt.de/L/L2508.html
303,NA,http://web.phonetik.uni-frankfurt.de/L/L8371.html
304,NA,http://web.phonetik.uni-frankfurt.de/L/L2004.html
305,NA,http://web.phonetik.uni-frankfurt.de/L/L8367.html
306,NA,http://web.phonetik.uni-frankfurt.de/L/L6743.html
307,NA,http://web.phonetik.uni-frankfurt.de/L/L4226.html
308,NA,http://web.phonetik.uni-frankfurt.de/L/L8613.html
309,NA,http://web.phonetik.uni-frankfurt.de/L/L2404.html
310,NA,http://web.phonetik.uni-frankfurt.de/L/L4128.html
311,NA,http://web.phonetik.uni-frankfurt.de/L/L2417.html
312,NA,http://web.phonetik.uni-frankfurt.de/L/L2176.html
313,NA,http://web.phonetik.uni-frankfurt.de/L/L4170.html
314,NA,http://web.phonetik.uni-frankfurt.de/L/L8375.html
315,NA,http://web.phonetik.uni-frankfurt.de/L/L4108.html
316,NA,http://web.phonetik.uni-frankfurt.de/L/L4119.html
317,NA,http://web.phonetik.uni-frankfurt.de/L/L8650.html
318,NA,http://web.phonetik.uni-frankfurt.de/L/L2000.html
319,NA,http://web.phonetik.uni-frankfurt.de/L/L6902.html
320,NA,http://web.phonetik.uni-frankfurt.de/L/L4125.html
321,NA,http://web.phonetik.uni-frankfurt.de/L/L2714.html
322,NA,http://web.phonetik.uni-frankfurt.de/L/L2167.html
323,NA,http://web.phonetik.uni-frankfurt.de/L/L4114.html
324,NA,http://web.phonetik.uni-frankfurt.de/L/L4141.html
325,NA,http://web.phonetik.uni-frankfurt.de/L/L6109.html
326,NA,http://web.phonetik.uni-frankfurt.de/L/L8617.html
327,NA,http://web.phonetik.uni-frankfurt.de/L/L4206.html
328,NA,http://web.phonetik.uni-frankfurt.de/L/L2439.html
329,NA,http://web.phonetik.uni-frankfurt.de/L/L2153.html
330,NA,http://web.phonetik.uni-frankfurt.de/L/L4148.html
331,NA,http://web.phonetik.uni-frankfurt.de/L/L2010.html
332,NA,http://web.phonetik.uni-frankfurt.de/L/L6870.html
333,NA,http://web.phonetik.uni-frankfurt.de/L/L4203.html
334,NA,http://web.phonetik.uni-frankfurt.de/L/L2405.html
335,NA,http://web.phonetik.uni-frankfurt.de/L/L4117.html
336,NA,http://web.phonetik.uni-frankfurt.de/L/L8608.html
337,NA,http://web.phonetik.uni-frankfurt.de/L/L8345.html
338,NA,http://web.phonetik.uni-frankfurt.de/L/L4129.html
339,NA,http://web.phonetik.uni-frankfurt.de/L/L4140.html
340,NA,http://web.phonetik.uni-frankfurt.de/L/L2436.html
341,NA,http://web.phonetik.uni-frankfurt.de/L/L2168.html
342,NA,http://web.phonetik.uni-frankfurt.de/L/L2001.html
343,NA,http://web.phonetik.uni-frankfurt.de/L/L4362.html
344,NA,http://web.phonetik.uni-frankfurt.de/L/L6826.html
345,NA,http://web.phonetik.uni-frankfurt.de/L/L6828.html
346,NA,http://web.phonetik.uni-frankfurt.de/L/L6830.html
347,NA,http://web.phonetik.uni-frankfurt.de/L/L6862.html
348,NA,http://web.phonetik.uni-frankfurt.de/L/L6866.html
349,NA,http://web.phonetik.uni-frankfurt.de/L/L8364.html
350,NA,http://web.phonetik.uni-frankfurt.de/L/L2502.html
351,NA,http://web.phonetik.uni-frankfurt.de/L/L4366.html
352,NA,http://web.phonetik.uni-frankfurt.de/L/L2424.html
353,NA,http://web.phonetik.uni-frankfurt.de/L/L6100.html
354,NA,http://web.phonetik.uni-frankfurt.de/L/L2016.html
355,NA,http://web.phonetik.uni-frankfurt.de/L/L6842.html
356,NA,http://web.phonetik.uni-frankfurt.de/L/L6738.html
357,NA,http://web.phonetik.uni-frankfurt.de/L/L4900.html
358,NA,http://web.phonetik.uni-frankfurt.de/L/L2154.html
359,NA,http://web.phonetik.uni-frankfurt.de/L/L6105.html
360,NA,http://web.phonetik.uni-frankfurt.de/L/L6776.html
361,NA,http://web.phonetik.uni-frankfurt.de/L/L6716.html
362,NA,http://web.phonetik.uni-frankfurt.de/L/L2022.html
363,NA,http://web.phonetik.uni-frankfurt.de/L/L2422.html
364,NA,http://web.phonetik.uni-frankfurt.de/L/L2435.html
365,NA,http://web.phonetik.uni-frankfurt.de/L/L4116.html
366,NA,http://web.phonetik.uni-frankfurt.de/L/L6827.html
367,NA,http://web.phonetik.uni-frankfurt.de/L/L4150.html
368,NA,http://web.phonetik.uni-frankfurt.de/L/L4208.html
369,NA,http://web.phonetik.uni-frankfurt.de/L/L2440.html
370,NA,http://web.phonetik.uni-frankfurt.de/L/L4360.html
371,NA,http://web.phonetik.uni-frankfurt.de/L/L6845.html
372,NA,http://web.phonetik.uni-frankfurt.de/L/L4147.html
373,NA,http://web.phonetik.uni-frankfurt.de/L/L2710.html
374,NA,http://web.phonetik.uni-frankfurt.de/L/L6800.html
375,NA,http://web.phonetik.uni-frankfurt.de/L/L2517.html
376,NA,http://web.phonetik.uni-frankfurt.de/L/L2428.html
377,NA,http://web.phonetik.uni-frankfurt.de/L/L8605.html
378,NA,http://web.phonetik.uni-frankfurt.de/L/L6780.html
379,NA,http://web.phonetik.uni-frankfurt.de/L/L8347.html
380,NA,http://web.phonetik.uni-frankfurt.de/L/L2409.html
381,NA,http://web.phonetik.uni-frankfurt.de/L/L6844.html
382,NA,http://web.phonetik.uni-frankfurt.de/L/L6747.html
383,NA,http://web.phonetik.uni-frankfurt.de/L/L6835.html
384,NA,http://web.phonetik.uni-frankfurt.de/L/L2171.html
385,NA,http://web.phonetik.uni-frankfurt.de/L/L6820.html
386,NA,http://web.phonetik.uni-frankfurt.de/L/L6848.html
387,NA,http://web.phonetik.uni-frankfurt.de/L/L2511.html
388,NA,http://web.phonetik.uni-frankfurt.de/L/L6901.html
389,NA,http://web.phonetik.uni-frankfurt.de/L/L2018.html
390,NA,http://web.phonetik.uni-frankfurt.de/L/L2600.html
391,NA,http://web.phonetik.uni-frankfurt.de/L/L2601.html
392,NA,http://web.phonetik.uni-frankfurt.de/L/L6863.html
393,NA,http://web.phonetik.uni-frankfurt.de/L/L8622.html
394,NA,http://web.phonetik.uni-frankfurt.de/L/L4364.html
395,NA,http://web.phonetik.uni-frankfurt.de/L/L8619.html
396,NA,http://web.phonetik.uni-frankfurt.de/L/L2150.html
397,NA,http://web.phonetik.uni-frankfurt.de/L/L6714.html
398,NA,http://web.phonetik.uni-frankfurt.de/L/L4371.html
399,NA,http://web.phonetik.uni-frankfurt.de/L/L2706.html
400,NA,http://web.phonetik.uni-frankfurt.de/L/L2903.html
401,NA,http://web.phonetik.uni-frankfurt.de/L/L2905.html
402,NA,http://web.phonetik.uni-frankfurt.de/L/L6808.html
403,NA,http://web.phonetik.uni-frankfurt.de/L/L2302.html
404,NA,http://web.phonetik.uni-frankfurt.de/L/L2427.html
405,NA,http://web.phonetik.uni-frankfurt.de/L/L2166.html
406,NA,http://web.phonetik.uni-frankfurt.de/L/L2421.html
407,NA,http://web.phonetik.uni-frankfurt.de/L/L2306.html
408,NA,http://web.phonetik.uni-frankfurt.de/L/L2301.html
409,NA,http://web.phonetik.uni-frankfurt.de/L/L6785.html
410,NA,http://web.phonetik.uni-frankfurt.de/L/L2162.html
411,NA,http://web.phonetik.uni-frankfurt.de/L/L8636.html
412,NA,http://web.phonetik.uni-frankfurt.de/L/L2312.html
413,NA,http://web.phonetik.uni-frankfurt.de/L/L6749.html
414,NA,http://web.phonetik.uni-frankfurt.de/L/L8610.html
415,NA,http://web.phonetik.uni-frankfurt.de/L/L4127.html
416,NA,http://web.phonetik.uni-frankfurt.de/L/L6707.html
417,NA,http://web.phonetik.uni-frankfurt.de/L/L4133.html
418,NA,http://web.phonetik.uni-frankfurt.de/L/L8602.html
419,NA,http://web.phonetik.uni-frankfurt.de/L/L2015.html
420,NA,http://web.phonetik.uni-frankfurt.de/L/L4370.html
421,NA,http://web.phonetik.uni-frankfurt.de/L/L4201.html
422,NA,http://web.phonetik.uni-frankfurt.de/L/L2024.html
423,NA,http://web.phonetik.uni-frankfurt.de/L/L2170.html
424,NA,http://web.phonetik.uni-frankfurt.de/L/L4135.html
425,NA,http://web.phonetik.uni-frankfurt.de/L/L2310.html
426,NA,http://web.phonetik.uni-frankfurt.de/L/L2152.html
427,NA,http://web.phonetik.uni-frankfurt.de/L/L2709.html
428,NA,http://web.phonetik.uni-frankfurt.de/L/L4209.html
429,NA,http://web.phonetik.uni-frankfurt.de/L/L2904.html
430,NA,http://web.phonetik.uni-frankfurt.de/L/L2516.html
431,NA,http://web.phonetik.uni-frankfurt.de/L/L8369.html
432,NA,http://web.phonetik.uni-frankfurt.de/L/L4904.html
433,NA,http://web.phonetik.uni-frankfurt.de/L/L4219.html
434,NA,http://web.phonetik.uni-frankfurt.de/L/L8620.html
435,NA,http://web.phonetik.uni-frankfurt.de/L/L6857.html
436,NA,http://web.phonetik.uni-frankfurt.de/L/L2433.html
437,NA,http://web.phonetik.uni-frankfurt.de/L/L6731.html
438,NA,http://web.phonetik.uni-frankfurt.de/L/L6741.html
439,NA,http://web.phonetik.uni-frankfurt.de/L/L2401.html
440,NA,http://web.phonetik.uni-frankfurt.de/L/L2602.html
441,NA,http://web.phonetik.uni-frankfurt.de/L/L4118.html
442,NA,http://web.phonetik.uni-frankfurt.de/L/L4215.html
443,NA,http://web.phonetik.uni-frankfurt.de/L/L2510.html
444,NA,http://web.phonetik.uni-frankfurt.de/L/L2007.html
445,NA,http://web.phonetik.uni-frankfurt.de/L/L6756.html
446,NA,http://web.phonetik.uni-frankfurt.de/L/L4376.html
447,NA,http://web.phonetik.uni-frankfurt.de/L/L6737.html
448,NA,http://web.phonetik.uni-frankfurt.de/L/L4205.html
449,NA,http://web.phonetik.uni-frankfurt.de/L/L6734.html
450,NA,http://web.phonetik.uni-frankfurt.de/L/L6727.html
451,NA,http://web.phonetik.uni-frankfurt.de/L/L4204.html
452,NA,http://web.phonetik.uni-frankfurt.de/L/L6717.html
453,NA,http://web.phonetik.uni-frankfurt.de/L/L6858.html
454,NA,http://web.phonetik.uni-frankfurt.de/L/L4153.html
455,NA,http://web.phonetik.uni-frankfurt.de/L/L4146.html
456,NA,http://web.phonetik.uni-frankfurt.de/L/L4202.html
457,NA,http://web.phonetik.uni-frankfurt.de/L/L4363.html
458,NA,http://web.phonetik.uni-frankfurt.de/L/L4160.html
459,NA,http://web.phonetik.uni-frankfurt.de/L/L2174.html
460,NA,http://web.phonetik.uni-frankfurt.de/L/L2151.html
461,NA,http://web.phonetik.uni-frankfurt.de/L/L6728.html
462,NA,http://web.phonetik.uni-frankfurt.de/L/L2173.html
463,NA,http://web.phonetik.uni-frankfurt.de/L/L2169.html
464,NA,http://web.phonetik.uni-frankfurt.de/L/L2429.html
465,NA,http://web.phonetik.uni-frankfurt.de/L/L4101.html
466,NA,http://web.phonetik.uni-frankfurt.de/L/L8356.html
467,NA,http://web.phonetik.uni-frankfurt.de/L/L8350.html
468,NA,http://web.phonetik.uni-frankfurt.de/L/L8616.html
469,NA,http://web.phonetik.uni-frankfurt.de/L/L8647.html
470,NA,http://web.phonetik.uni-frankfurt.de/L/L4368.html
471,NA,http://web.phonetik.uni-frankfurt.de/L/L2445.html
472,NA,http://web.phonetik.uni-frankfurt.de/L/L6715.html
473,NA,http://web.phonetik.uni-frankfurt.de/L/L4214.html
474,NA,http://web.phonetik.uni-frankfurt.de/L/L8349.html
475,NA,http://web.phonetik.uni-frankfurt.de/L/L8365.html
476,NA,http://web.phonetik.uni-frankfurt.de/L/L2509.html
477,NA,http://web.phonetik.uni-frankfurt.de/L/L6802.html
478,NA,http://web.phonetik.uni-frankfurt.de/L/L4132.html
479,NA,http://web.phonetik.uni-frankfurt.de/L/L6860.html
480,NA,http://web.phonetik.uni-frankfurt.de/L/L6816.html
481,NA,http://web.phonetik.uni-frankfurt.de/L/L2504.html
482,NA,http://web.phonetik.uni-frankfurt.de/L/L4906.html
483,NA,http://web.phonetik.uni-frankfurt.de/L/L8624.html
484,NA,http://web.phonetik.uni-frankfurt.de/L/L6104.html
485,NA,http://web.phonetik.uni-frankfurt.de/L/L2525.html
486,NA,http://web.phonetik.uni-frankfurt.de/L/L6762.html
487,NA,http://web.phonetik.uni-frankfurt.de/L/L4149.html
488,NA,http://web.phonetik.uni-frankfurt.de/L/L2023.html
489,NA,http://web.phonetik.uni-frankfurt.de/L/L2518.html
490,NA,http://web.phonetik.uni-frankfurt.de/L/L6706.html
491,NA,http://web.phonetik.uni-frankfurt.de/L/L4369.html
492,NA,http://web.phonetik.uni-frankfurt.de/L/L4139.html
493,NA,http://web.phonetik.uni-frankfurt.de/L/L4151.html
494,NA,http://web.phonetik.uni-frankfurt.de/L/L2157.html
495,NA,http://web.phonetik.uni-frankfurt.de/L/L8604.html
496,NA,http://web.phonetik.uni-frankfurt.de/L/L2700.html
497,NA,http://web.phonetik.uni-frankfurt.de/L/L2512.html
498,NA,http://web.phonetik.uni-frankfurt.de/L/L6708.html
499,NA,http://web.phonetik.uni-frankfurt.de/L/L2006.html
500,NA,http://web.phonetik.uni-frankfurt.de/L/L6730.html
501,NA,http://web.phonetik.uni-frankfurt.de/L/L4212.html
502,NA,http://web.phonetik.uni-frankfurt.de/L/L2406.html
503,NA,http://web.phonetik.uni-frankfurt.de/L/L8353.html
504,NA,http://web.phonetik.uni-frankfurt.de/L/L4227.html
505,NA,http://web.phonetik.uni-frankfurt.de/L/L4207.html
506,NA,http://web.phonetik.uni-frankfurt.de/L/L6805.html
507,NA,http://web.phonetik.uni-frankfurt.de/L/L4124.html
508,NA,http://web.phonetik.uni-frankfurt.de/L/L6750.html
509,NA,http://web.phonetik.uni-frankfurt.de/L/L6736.html
510,NA,http://web.phonetik.uni-frankfurt.de/L/L2025.html
511,NA,http://web.phonetik.uni-frankfurt.de/L/L2314.html
512,NA,http://web.phonetik.uni-frankfurt.de/L/L6854.html
513,NA,http://web.phonetik.uni-frankfurt.de/L/L6804.html
514,NA,http://web.phonetik.uni-frankfurt.de/L/L6849.html
515,NA,http://web.phonetik.uni-frankfurt.de/L/L2402.html
516,NA,http://web.phonetik.uni-frankfurt.de/L/L2013.html
517,NA,http://web.phonetik.uni-frankfurt.de/L/L2410.html
518,NA,http://web.phonetik.uni-frankfurt.de/L/L6742.html
519,NA,http://web.phonetik.uni-frankfurt.de/L/L2430.html
520,NA,http://web.phonetik.uni-frankfurt.de/L/L2309.html
521,NA,http://web.phonetik.uni-frankfurt.de/L/L2014.html
522,NA,http://web.phonetik.uni-frankfurt.de/L/L2434.html
523,NA,http://web.phonetik.uni-frankfurt.de/L/L2520.html
524,NA,http://web.phonetik.uni-frankfurt.de/L/L6819.html
525,NA,http://web.phonetik.uni-frankfurt.de/L/L6732.html
526,NA,http://web.phonetik.uni-frankfurt.de/L/L6838.html
527,NA,http://web.phonetik.uni-frankfurt.de/L/L2012.html
528,NA,http://web.phonetik.uni-frankfurt.de/L/L8625.html
529,NA,http://web.phonetik.uni-frankfurt.de/L/L2420.html
530,NA,http://web.phonetik.uni-frankfurt.de/L/L2008.html
531,NA,http://web.phonetik.uni-frankfurt.de/L/L2603.html
532,NA,http://web.phonetik.uni-frankfurt.de/L/L4902.html
533,NA,http://web.phonetik.uni-frankfurt.de/L/L4143.html
534,NA,http://web.phonetik.uni-frankfurt.de/L/L2161.html
535,NA,http://web.phonetik.uni-frankfurt.de/L/L2304.html
536,NA,http://web.phonetik.uni-frankfurt.de/L/L6754.html
537,NA,http://web.phonetik.uni-frankfurt.de/L/L4111.html
538,NA,http://web.phonetik.uni-frankfurt.de/L/L2164.html
539,NA,http://web.phonetik.uni-frankfurt.de/L/L4200.html
540,NA,http://web.phonetik.uni-frankfurt.de/L/L8603.html
541,NA,http://web.phonetik.uni-frankfurt.de/L/L6855.html
542,NA,http://web.phonetik.uni-frankfurt.de/L/L4356.html
543,NA,http://web.phonetik.uni-frankfurt.de/L/L6778.html
544,NA,http://web.phonetik.uni-frankfurt.de/L/L6746.html
545,NA,http://web.phonetik.uni-frankfurt.de/L/L2020.html
546,NA,http://web.phonetik.uni-frankfurt.de/L/L6811.html
547,NA,http://web.phonetik.uni-frankfurt.de/L/L6779.html
548,NA,http://web.phonetik.uni-frankfurt.de/L/L6861.html
549,NA,http://web.phonetik.uni-frankfurt.de/L/L2155.html
550,NA,http://web.phonetik.uni-frankfurt.de/L/L6833.html
551,NA,http://web.phonetik.uni-frankfurt.de/L/L2415.html
552,NA,http://web.phonetik.uni-frankfurt.de/L/L4358.html
553,NA,http://web.phonetik.uni-frankfurt.de/L/L2011.html
554,NA,http://web.phonetik.uni-frankfurt.de/L/L8607.html
555,NA,http://web.phonetik.uni-frankfurt.de/L/L4354.html
556,NA,http://web.phonetik.uni-frankfurt.de/L/L6829.html
557,NA,http://web.phonetik.uni-frankfurt.de/L/L8626.html
558,NA,http://web.phonetik.uni-frankfurt.de/L/L8618.html
559,NA,http://web.phonetik.uni-frankfurt.de/L/L8645.html
560,NA,http://web.phonetik.uni-frankfurt.de/L/L2403.html
561,NA,http://web.phonetik.uni-frankfurt.de/L/L2507.html
562,NA,http://web.phonetik.uni-frankfurt.de/L/L2407.html
563,NA,http://web.phonetik.uni-frankfurt.de/L/L6841.html
564,NA,http://web.phonetik.uni-frankfurt.de/L/L4213.html
565,NA,http://web.phonetik.uni-frankfurt.de/L/L6831.html
566,NA,http://web.phonetik.uni-frankfurt.de/L/L2906.html
567,NA,http://web.phonetik.uni-frankfurt.de/L/L6821.html
568,NA,http://web.phonetik.uni-frankfurt.de/L/L2902.html
569,NA,http://web.phonetik.uni-frankfurt.de/L/L4109.html
570,NA,http://web.phonetik.uni-frankfurt.de/L/L4211.html
571,NA,http://web.phonetik.uni-frankfurt.de/L/L2437.html
572,NA,http://web.phonetik.uni-frankfurt.de/L/L2425.html
573,NA,http://web.phonetik.uni-frankfurt.de/L/L2414.html
574,NA,http://web.phonetik.uni-frankfurt.de/L/L2400.html
575,NA,http://web.phonetik.uni-frankfurt.de/L/L4357.html
576,NA,http://web.phonetik.uni-frankfurt.de/L/L4351.html
577,NA,http://web.phonetik.uni-frankfurt.de/L/L8351.html
578,NA,http://web.phonetik.uni-frankfurt.de/L/L2431.html
579,NA,http://web.phonetik.uni-frankfurt.de/L/L6102.html
580,NA,http://web.phonetik.uni-frankfurt.de/L/L4142.html
581,NA,http://web.phonetik.uni-frankfurt.de/L/L4210.html
582,NA,http://web.phonetik.uni-frankfurt.de/L/L8601.html
583,NA,http://web.phonetik.uni-frankfurt.de/L/L6812.html
584,NA,http://web.phonetik.uni-frankfurt.de/L/L2426.html
585,NA,http://web.phonetik.uni-frankfurt.de/L/L6713.html
586,NA,http://web.phonetik.uni-frankfurt.de/L/L4112.html
587,NA,http://web.phonetik.uni-frankfurt.de/L/L6772.html
588,NA,http://web.phonetik.uni-frankfurt.de/L/L6865.html
589,NA,http://web.phonetik.uni-frankfurt.de/L/L8623.html
590,NA,http://web.phonetik.uni-frankfurt.de/L/L6752.html
591,NA,http://web.phonetik.uni-frankfurt.de/L/L4355.html
592,NA,http://web.phonetik.uni-frankfurt.de/L/L6774.html
593,NA,http://web.phonetik.uni-frankfurt.de/L/L2418.html
594,NA,http://web.phonetik.uni-frankfurt.de/L/L6847.html
595,NA,http://web.phonetik.uni-frankfurt.de/L/L4375.html
596,NA,http://web.phonetik.uni-frankfurt.de/L/L6758.html
597,NA,http://web.phonetik.uni-frankfurt.de/L/L2158.html
598,NA,http://web.phonetik.uni-frankfurt.de/L/L6740.html
599,NA,http://web.phonetik.uni-frankfurt.de/L/L2165.html
600,NA,http://web.phonetik.uni-frankfurt.de/L/L6712.html
601,NA,http://web.phonetik.uni-frankfurt.de/L/L8374.html
602,NA,http://web.phonetik.uni-frankfurt.de/L/L2300.html
603,NA,http://web.phonetik.uni-frankfurt.de/L/L2175.html
604,NA,http://web.phonetik.uni-frankfurt.de/L/L8640.html
605,NA,http://web.phonetik.uni-frankfurt.de/L/L2303.html
606,NA,http://web.phonetik.uni-frankfurt.de/L/L8373.html
607,NA,http://web.phonetik.uni-frankfurt.de/L/L6760.html
608,NA,http://web.phonetik.uni-frankfurt.de/L/L6822.html
609,NA,http://web.phonetik.uni-frankfurt.de/L/L6852.html
610,NA,http://web.phonetik.uni-frankfurt.de/L/L8628.html
611,NA,http://web.phonetik.uni-frankfurt.de/L/L6755.html
612,NA,http://web.phonetik.uni-frankfurt.de/L/L8358.html
613,NA,http://web.phonetik.uni-frankfurt.de/L/L6709.html
614,NA,http://web.phonetik.uni-frankfurt.de/L/L6753.html
615,NA,http://web.phonetik.uni-frankfurt.de/L/L8615.html
616,NA,http://web.phonetik.uni-frankfurt.de/L/L8630.html
617,NA,http://web.phonetik.uni-frankfurt.de/L/L8633.html
618,NA,http://web.phonetik.uni-frankfurt.de/L/L4107.html
619,NA,http://web.phonetik.uni-frankfurt.de/L/L8637.html
620,NA,http://web.phonetik.uni-frankfurt.de/L/L8348.html
621,NA,http://web.phonetik.uni-frankfurt.de/L/L4218.html
622,NA,http://web.phonetik.uni-frankfurt.de/L/L2503.html
623,NA,http://web.phonetik.uni-frankfurt.de/L/L8372.html
624,NA,http://web.phonetik.uni-frankfurt.de/L/L6763.html
625,NA,http://web.phonetik.uni-frankfurt.de/L/L4220.html
626,NA,http://web.phonetik.uni-frankfurt.de/L/L4103.html
627,NA,http://web.phonetik.uni-frankfurt.de/L/L4102.html
628,NA,http://web.phonetik.uni-frankfurt.de/L/L6839.html
629,NA,http://web.phonetik.uni-frankfurt.de/L/L6739.html
630,NA,http://web.phonetik.uni-frankfurt.de/L/L6843.html
631,NA,http://web.phonetik.uni-frankfurt.de/L/L4121.html
632,NA,http://web.phonetik.uni-frankfurt.de/L/L8609.html
633,NA,http://web.phonetik.uni-frankfurt.de/L/L8370.html
634,NA,http://web.phonetik.uni-frankfurt.de/L/L2172.html
635,NA,http://web.phonetik.uni-frankfurt.de/L/L6745.html
636,NA,http://web.phonetik.uni-frankfurt.de/L/L4137.html
637,NA,http://web.phonetik.uni-frankfurt.de/L/L8621.html
638,NA,http://web.phonetik.uni-frankfurt.de/L/L2156.html
639,NA,http://web.phonetik.uni-frankfurt.de/L/L8632.html
640,NA,http://web.phonetik.uni-frankfurt.de/L/L6777.html
641,NA,http://web.phonetik.uni-frankfurt.de/L/L6757.html
642,NA,http://web.phonetik.uni-frankfurt.de/L/L2501.html
643,NA,http://web.phonetik.uni-frankfurt.de/L/L4216.html
644,NA,http://web.phonetik.uni-frankfurt.de/L/L8629.html
645,NA,http://web.phonetik.uni-frankfurt.de/L/L4130.html
646,NA,http://web.phonetik.uni-frankfurt.de/L/L6711.html
647,NA,http://web.phonetik.uni-frankfurt.de/L/L4126.html
648,NA,http://web.phonetik.uni-frankfurt.de/L/L6748.html
649,abi_Hartell1993_phon.pdf,https://archive.org/details/rosettaproject_abi_ortho-1
650,adj_Hartell1993_phon.pdf,https://archive.org/details/rosettaproject_adj_ortho-1
651,ajg_Hartell1993_phon1.pdf,NA
652,ajg_Hartell1993_phon2.pdf,NA
653,mtb_Hartell1993_phon.pdf,NA
654,ahl_Hartell1993_phon.pdf,https://archive.org/details/rosettaproject_ahl_ortho-2
655,aka_Hartell1993_phon.pdf,https://archive.org/details/rosettaproject_aka_ortho-2
656,bss_Hartell1993_phon.pdf,NA
657,anc_Hartell1993_phon.pdf,https://archive.org/details/rosettaproject_anc_ortho-1
658,cko_Hartell1993_phon.pdf,https://archive.org/details/rosettaproject_cko_ortho-1
659,apd_Hartell1993_phon.pdf,https://archive.org/details/rosettaproject_apd_ortho-1
660,avu_Hartell1993_phon.pdf,https://archive.org/details/rosettaproject_avu_ortho-1
661,bav_Hartell1993_phon.pdf,NA
662,bfd_Hartell1993_phon.pdf,NA
663,bkc_Hartell1993_phon.pdf,NA
664,bam_Hartell1993_phon.pdf,NA
665,bfl_Hartell1993_phon1.pdf,NA
666,bfl_Hartell1993_phon.pdf,NA
667,bza_Hartell1993_phon.pdf,https://archive.org/details/rosettaproject_bza_ortho-1
668,bci_Hartell1993_phon.pdf,NA
669,bba_Hartell1993_phon.pdf,NA
670,bas_Hartell1993_phon.pdf,https://archive.org/details/rosettaproject_bas_ortho-1
671,bsq_Hartell1993_phon.pdf,https://archive.org/details/rosettaproject_bsq_ortho-1
672,bud_Hartell1993_phon.pdf,https://archive.org/details/rosettaproject_bud_ortho-1
673,btg_Hartell1993_phon.pdf,NA
674,bkv_Hartell1993_phon.pdf,https://archive.org/details/rosettaproject_bkv_ortho-1
675,bom_Hartell1993_phon.pdf,https://archive.org/details/rosettaproject_bom_ortho-1
676,nhb_Hartell1993_phon.pdf,https://archive.org/details/rosettaproject_nhb_ortho-1
677,bhy_Hartell1993_phon.pdf,https://archive.org/details/rosettaproject_bhy_ortho-1
678,beh_Hartell1993_phon.pdf,https://archive.org/details/rosettaproject_beh_ortho-1
679,bim_Hartell1993_phon.pdf,https://archive.org/details/rosettaproject_bim_ortho-1
680,bib_Hartell1993_phon.pdf,https://archive.org/details/rosettaproject_bib_ortho-1
681,bbo_Hartell1993_phon.pdf,NA
682,bqp_Hartell1993_phon.pdf,NA
683,bzx_Hartell1993_phon.pdf,https://archive.org/details/rosettaproject_bzx_ortho-1
684,bum_Hartell1993_phon.pdf,NA
685,cme_Hartell1993_phon.pdf,https://archive.org/details/rosettaproject_cme_ortho-1
686,ncu_Hartell1993_phon.pdf,https://archive.org/details/rosettaproject_ncu_ortho-1
687,dbq_Hartell1993_phon.pdf,https://archive.org/details/rosettaproject_dbq_ortho-1
688,dga_Hartell1993_phon.pdf,https://archive.org/details/rosettaproject_dga_ortho-1
689,dgi_Hartell1993_phon.pdf,https://archive.org/details/rosettaproject_dgi_ortho-1
690,dag_Hartell1993_phon.pdf,https://archive.org/details/rosettaproject_dag_ortho-1
691,daf_Hartell1993_phon.pdf,https://archive.org/details/rosettaproject_daf_ortho-1
692,ada_Hartell1993_phon.pdf,https://archive.org/details/rosettaproject_ada_ortho-1
693,dzg_Hartell1993_phon.pdf,https://archive.org/details/rosettaproject_dzg_ortho-1
694,luo_Hartell1993_phon.pdf,NA
695,dic_Hartell1993_phon.pdf,NA
696,dyu_Hartell1993_phon.pdf,https://archive.org/details/rosettaproject_dyu_ortho-1
697,tbz_Hartell1993_phon.pdf,https://archive.org/details/rosettaproject_tbz_ortho-1
698,dow_Hartell1993_phon.pdf,https://archive.org/details/rosettaproject_dow_ortho-1
699,dts_Hartell1993_phon.pdf,NA
700,dua_Hartell1993_phon.pdf,NA
701,dug_Hartell1993_phon.pdf,https://archive.org/details/rosettaproject_dug_ortho-1
702,igb_Hartell1993_phon.pdf,https://archive.org/details/rosettaproject_igb_ortho-1
703,ewe_Hartell1993_phon.pdf,NA
704,bin_Hartell1993_phon.pdf,https://archive.org/details/rosettaproject_bin_ortho-1
705,izi_Hartell1993_phon2.pdf,NA
706,etu_Hartell1993_phon.pdf,https://archive.org/details/rosettaproject_etu_ortho-1
707,ema_Hartell1993_phon.pdf,NA
708,enn_Hartell1993_phon.pdf,https://archive.org/details/rosettaproject_enn_ortho-1
709,ewo_Hartell1993_phon.pdf,https://archive.org/details/rosettaproject_ewo_ortho-1
710,fmp_Hartell1993_phon.pdf,https://archive.org/details/rosettaproject_fmp_ortho-1
711,fon_Hartell1993_phon.pdf,https://archive.org/details/rosettaproject_fon_ortho-1
712,fub_Hartell1993_phon.pdf,NA
713,fuq_Hartell1993_phon.pdf,NA
714,ffm_Hartell1993_phon.pdf,https://archive.org/details/rosettaproject_ffm_ortho-1
715,fuh_Hartell1993_phon.pdf,NA
716,flr_Hartell1993_phon.pdf,https://archive.org/details/rosettaproject_flr_ortho-1
717,gaa_Hartell1993_phon.pdf,https://archive.org/details/rosettaproject_gaa_ortho-1
718,gng_Hartell1993_phon.pdf,https://archive.org/details/rosettaproject_gng_ortho-1
719,gya_Hartell1993_phon.pdf,NA
720,gbp_Hartell1993_phon.pdf,NA
721,gej_Hartell1993_phon1.pdf,https://archive.org/details/rosettaproject_gej_ortho-1
722,gej_Hartell1993_phon2.pdf,NA
723,god_Hartell1993_phon.pdf,NA
724,gjn_Hartell1993_phon.pdf,https://archive.org/details/rosettaproject_gjn_ortho-1
725,gbo_Hartell1993_phon.pdf,NA
726,gde_Hartell1993_phon.pdf,NA
727,gux_Hartell1993_phon.pdf,NA
728,hag_Hartell1993_phon.pdf,https://archive.org/details/rosettaproject_hag_ortho-1
729,hau_Hartell1993_phon2.pdf,https://archive.org/details/rosettaproject_hau_ortho-2
730,hau_Hartell1993_phon1.pdf,https://archive.org/details/rosettaproject_hau_ortho-3
731,ife_Hartell1993_phon.pdf,NA
732,ibo_Hartell1993_phon.pdf,https://archive.org/details/rosettaproject_ibo_ortho-2
733,ige_Hartell1993_phon.pdf,https://archive.org/details/rosettaproject_ige_ortho-1
734,ijs_Hartell1993_phon.pdf,NA
735,izi_Hartell1993_phon1.pdf,NA
736,izi_Hartell1993_phon3.pdf,NA
737,dyo_Hartell1993_phon.pdf,NA
738,bex_Hartell1993_phon.pdf,https://archive.org/details/rosettaproject_bex_ortho-1
739,kbp_Hartell1993_phon.pdf,NA
740,kkj_Hartell1993_phon.pdf,NA
741,bqx_Hartell1993_phon.pdf,NA
742,knc_Hartell1993_phon.pdf,NA
743,kza_Hartell1993_phon.pdf,NA
744,kzr_Hartell1993_phon.pdf,https://archive.org/details/rosettaproject_kzr_ortho-1
745,xsm_Hartell1993_phon1.pdf,https://archive.org/details/rosettaproject_xsm_ortho-2
746,xsm_Hartell1993_phon2.pdf,https://archive.org/details/rosettaproject_xsm_ortho-1
747,ozm_Hartell1993_phon.pdf,NA
748,kik_Hartell1993_phon.pdf,https://archive.org/details/rosettaproject_kik_ortho-1
749,kqs_Hartell11993_phon.pdf,NA
750,bkm_Hartell1993_phon.pdf,NA
751,kmw_Hartell1993_phon.pdf,NA
752,xon_Hartell1993_phon.pdf,https://archive.org/details/rosettaproject_xon_ortho-1
753,xpe_Hartell1993_phon.pdf,https://archive.org/details/rosettaproject_xpe_ortho-1
754,gkp_Hartell1993_phon.pdf,https://archive.org/details/rosettaproject_gkp_ortho-1
755,krs_Hartell1993_phon.pdf,NA
756,kri_Hartell1993_phon.pdf,https://archive.org/details/rosettaproject_kri_ortho-1
757,ted_Hartell1993_phon.pdf,https://archive.org/details/rosettaproject_ted_ortho-1
758,kuj_Hartell1993_phon.pdf,https://archive.org/details/rosettaproject_kuj_ortho-1
759,kus_Hartell1993_phon.pdf,https://archive.org/details/rosettaproject_kus_ortho-1
760,las_Hartell1993_phon.pdf,NA
761,lln_Hartell1993_phon.pdf,NA
762,led_Hartell1993_phon.pdf,https://archive.org/details/rosettaproject_led_ortho-1
763,lom_Hartell1993_phon.pdf,NA
764,lok_Hartell1993_phon.pdf,https://archive.org/details/rosettaproject_lok_ortho-1
765,lig_Hartell1993_phon.pdf,https://archive.org/details/rosettaproject_lig_ortho-1
766,lia_Hartell1993_phon.pdf,NA
767,lmp_Hartell1993_phon.pdf,https://archive.org/details/rosettaproject_lmp_ortho-1
768,lin_Hartell_1993_phon.pdf,https://archive.org/details/rosettaproject_lin_ortho-1
769,dop_Hartell1993_phon.pdf,https://archive.org/details/rosettaproject_dop_ortho-1
770,lug_Hartell1993_phon.pdf,https://archive.org/details/rosettaproject_lug_ortho-1
771,lgg_Hartell1993_phon.pdf,https://archive.org/details/rosettaproject_lgg_ortho-1
772,lee_Hartell1993_phon.pdf,NA
773,mcu_Hartell1993_phon.pdf,https://archive.org/details/rosettaproject_mcu_ortho-1
774,mzk_Hartell1993_phon.pdf,https://archive.org/details/rosettaproject_mzk_ortho-1
775,maw_Hartell1993_phon.pdf,https://archive.org/details/rosettaproject_maw_ortho-1
776,mlq_Hartell1993_phon.pdf,NA
777,emk_Hartell1993_phon.pdf,NA
778,mdj_Hartell1993_phon.pdf,https://archive.org/details/rosettaproject_mdj_ortho-1
779,mwk_Hartell1993_phon.pdf,NA
780,muh_Hartell1993_phon.pdf,NA
781,mfn_Hartell1993_phon.pdf,https://archive.org/details/rosettaproject_mfn_ortho-1
782,mbo_Hartell1993_phon.pdf,NA
783,mcp_Hartell1993_phon.pdf,https://archive.org/details/rosettaproject_mcp_ortho-1
784,men_Hartell1993_phon.pdf,NA
785,mgo_Hartell1993_phon.pdf,https://archive.org/details/rosettaproject_mgo_ortho-1
786,myk_Hartell1993_phon.pdf,https://archive.org/details/rosettaproject_myk_ortho-1
787,mzw_Hartell1993_phon.pdf,https://archive.org/details/rosettaproject_mzw_ortho-1
788,mif_Hartell1993_phon.pdf,NA
789,mos_Hartell1993_phon.pdf,NA
790,moa_Hartell1993_phon.pdf,https://archive.org/details/rosettaproject_moa_ortho-1
791,mnf_Hartell1993_phon.pdf,https://archive.org/details/rosettaproject_mnf_ortho-1
792,mkw_Hartell1993_phon.pdf,NA
793,mur_Hartell1993_phon.pdf,https://archive.org/details/rosettaproject_mur_ortho-1
794,sur_Hartell1993_phon.pdf,https://archive.org/details/rosettaproject_sur_ortho-1
795,nfr_Hartell1993_phon.pdf,https://archive.org/details/rosettaproject_nfr_ortho-1
796,nmz_Hartell1993_phon.pdf,https://archive.org/details/rosettaproject_nmz_ortho-1
797,nuv_Hartell1993_phon.pdf,NA
798,lem_Hartell1993_phon.pdf,NA
799,sba_Hartell1993_phon.pdf,NA
800,nga_Hartell1993_phon.pdf,https://archive.org/details/rosettaproject_nga_ortho-1
801,ngb_Hartell1993_phon.pdf,https://archive.org/details/rosettaproject_ngb_ortho-1
802,nnh_Hartell1993_phon.pdf,https://archive.org/details/rosettaproject_nnh_ortho-1
803,nwb_Hartell1993_phon.pdf,https://archive.org/details/rosettaproject_nwb_ortho-1
804,lns_Hartell1993_phon.pdf,https://archive.org/details/rosettaproject_lns_ortho-1
805,yas_Hartell1993_phon.pdf,NA
806,nup_Hartell1993_phon.pdf,NA
807,mhi_Hartell1993_phon.pdf,https://archive.org/details/rosettaproject_mhi_ortho-1
808,pbi_Hartell1993_phon.pdf,https://archive.org/details/rosettaproject_pbi_ortho-1
809,fuc_Hartell1993_phon.pdf,https://archive.org/details/rosettaproject_fuc_ortho-1
810,fuf_Hartell1993_phon.pdf,NA
811,rel_Hartell1993_phon.pdf,https://archive.org/details/rosettaproject_rel_ortho-1
812,spy_Hartell1993_phon.pdf,https://archive.org/details/rosettaproject_spy_ortho-1
813,sag_Hartell1993_phon1.pdf,https://archive.org/details/rosettaproject_sag_ortho-1
814,sag_Hartell1993_phon2.pdf,NA
815,seq_Hartell1993_phon.pdf,NA
816,srr_Hartell1993_phon.pdf,NA
817,sil_Hartell1993_phon.pdf,https://archive.org/details/rosettaproject_sld_ortho-1
818,sld_Hartell1993_phon.pdf,NA
819,khq_Hartell1993_phon.pdf,NA
820,snk_Hartell1993_phon1.pdf,https://archive.org/details/rosettaproject_snk_ortho-1
821,snk_Hartell1993_phon2.pdf,https://archive.org/details/rosettaproject_snk_ortho-2
822,sus_Hartell1993_phon.pdf,NA
823,swh_Hartell1993_phon.pdf,https://archive.org/details/rosettaproject_swh_ortho-1
824,ttq_Hartell1993_phon.pdf,https://archive.org/details/rosettaproject_ttq_ortho-1
825,taq_Hartell1993_phon.pdf,NA
826,yer_Hartell1993_phon.pdf,https://archive.org/details/rosettaproject_yer_ortho-1
827,lor_Hartell1993_phon.pdf,NA
828,tuq_Hartell1993_phon.pdf,https://archive.org/details/rosettaproject_tuq_ortho-1
829,kdh_Hartell1993_phon.pdf,https://archive.org/details/rosettaproject_kdh_ortho-1
830,tfi_Hartell1993_phon.pdf,NA
831,tem_Hartell1993_phon.pdf,https://archive.org/details/rosettaproject_tem_ortho-1
832,tik_Hartell1993_phon.pdf,https://archive.org/details/rosettaproject_tik_ortho-1
833,toq_Hartell1993_phon.pdf,https://archive.org/details/rosettaproject_toq_ortho-1
834,neb_Hartell1993_phon.pdf,NA
835,tsp_Hartell1993_phon.pdf,https://archive.org/details/rosettaproject_tsp_ortho-1
836,vag_Hartell1993_phon.pdf,https://archive.org/details/rosettaproject_vag_ortho-1
837,vut_Hartell1993_phon.pdf,https://archive.org/details/rosettaproject_vut_ortho-1
838,wwa_Hartell1993_phon.pdf,https://archive.org/details/rosettaproject_wwa_ortho-1
839,wan_Hartell1993_phon.pdf,https://archive.org/details/rosettaproject_wan_ortho-1
840,wob_Hartell1993_phon.pdf,NA
841,wol_Hartell1993_phon.pdf,https://archive.org/details/rosettaproject_wol_ortho-1
842,yam_Hartell1993_phon.pdf,https://archive.org/details/rosettaproject_yam_ortho-1
843,yat_Hartell1993_phon.pdf,https://archive.org/details/rosettaproject_yat_ortho-1
844,yre_Hartell1993_phon.pdf,NA
845,ybb_Hartell1993_phon.pdf,https://archive.org/details/rosettaproject_ybb_ortho-1
846,pil_Hartell1993_phon.pdf,NA
847,yor_Hartell1993_phon1.pdf,https://archive.org/details/rosettaproject_yor_ortho-1
848,yor_Hartell1993_phon2.pdf,https://archive.org/details/rosettaproject_yor_ortho-3
849,zne_Hartell1993_phon.pdf,https://archive.org/details/rosettaproject_zne_ortho-1
850,dje_Hartell1993_phon.pdf,NA
851,gnd_Hartell1993_phon.pdf,NA
852,fwe_baumbach1997_phon.pdf,NA
853,yey_baumbach1997_phon.pdf,NA
854,cav_guillaume2004_phon.pdf,NA
855,ccc_parker1991_phon.pdf,NA
856,che_nichols1996_phon.pdf,NA
857,cdm_caughley1982_phon.pdf,NA
858,mhr_sebeok1961_phon.pdf,NA
859,cle_archivo1980_phon.pdf,NA
860,cti_alvarez2002_phon.pdf,NA
861,crw_thomas1971_phon.pdf,NA
862,boi_wash2001_phon.pdf,NA
863,crd_doak1997_phon.pdf,NA
864,com_charney1993_phon.pdf,NA
865,cup_hill2005_phon.pdf,NA
866,cuv_ndokobai2003_phon.pdf,NA
867,anv_mbuagbaw1996_phon.pdf,NA
868,kxl_yadava2000_phon.pdf,NA
869,aoj_Loving1978_phon.pdf,NA
870,usa_bee1965_phon.pdf,NA
871,kpr_farr1974_phon.pdf,NA
872,bjr_oatridge1973_phon.pdf,NA
873,ego_blench2006_phon.pdf,NA
874,ekp_blench2006_phon.pdf,NA
875,enb_zwarts2003_phon.pdf,NA
876,ags_fointein1986_phon.pdf,NA
877,fan_eko1974_phon.pdf,NA
878,fuu_boyeldieu2000_phon.pdf,NA
879,gbd_sands1989_phon.pdf,NA
880,gby_rosendall1998_phon.pdf,NA
881,gvf_evans2005_phon.pdf,NA
882,gub_bendorsamuel1966_phon.pdf,NA
883,gup_oates1964_phon.pdf,NA
884,hay_byarushengo1977_phon.pdf,NA
885,wya_lagarde1980_phon.pdf,NA
886,hch_gomez1999_phon.pdf,NA
887,qwh_levengood1982_phon.pdf,NA
888,huv_archivo1983_phon.pdf,NA
889,qxw_wroughton1996_phon.pdf,NA
890,lyn_jacottet1896_phon.pdf,NA
891,iby_blench2005_phon.pdf,NA
892,imn_seiler1985_phon.pdf,NA
893,inh_nichols1996_phon.pdf,NA
894,ksi_donohue2002_phon.pdf,NA
895,yal_lupke2005_phon.pdf,NA
896,lukas1961.pdf,NA
897,jap_vogel2003_phon.pdf,NA
898,tow_yumitani1998_phon.pdf,NA
899,mgi_blench2006_phon.pdf,NA
900,kab_hamouma1987_phon.pdf,NA
901,gid_noukeu2002_phon.pdf,NA
902,kyz_souza2004_phon.pdf,NA
903,kms_sanders1994a_phon.pdf,NA
904,kxo_bacelar2004_phon.pdf,NA
905,ndb_akeriweh2000_phon.pdf,NA
906,xrb_wichser1994_phon.pdf,NA
907,kmv_tobler1983_phon.pdf,NA
908,ken_mbuagbaw2000_phon.pdf,NA
909,khr_peterson_phon.pdf,NA
910,cog_ungsitipoonporn_phon.pdf,NA
911,kin_mpayimana2003_phon.pdf,NA
912,okr_blench2005_phon.pdf,NA
913,kkk_palmer1999_phon.pdf,NA
914,kme_asobo1989_phon.pdf,NA
915,kma_cahill1999_phon.pdf,NA
916,kdt_oranuch1984_phon.pdf,NA
917,kle_tolsma1999_phon.pdf,NA
918,kto_lindstrom2002_phon.pdf,NA
919,kgg_watters2006_phon.pdf,NA
920,kxv_israel1979_phon.pdf,NA
921,xwa_voort2004_phon.pdf,NA
922,lbj_koshal1979_phon.pdf,NA
923,lag_dunham2005_phon.pdf,NA
924,lao_morev1979_phon.pdf,NA
925,lvk_terrill1999_phon.pdf,NA
926,bwt2_ebah1990_phon.pdf,NA
927,lun_kawasha2003_phon.pdf,NA
928,lch_fleisch2000_phon.pdf,NA
929,bdu_atta1993_phon.pdf,NA
930,mkd_friedman2002_phon.pdf,NA
931,mxu_blench2006_phon.pdf,NA
932,grg_blackings2003_phon.pdf,NA
933,mva_turner1986_phon.pdf,NA
934,bce_forku2000_phon.pdf,NA
935,nmm_hildebrandt2004_phon.pdf,NA
936,nge_swiri1998_phon.pdf,NA
937,mec_heath1981_phon.pdf,NA
938,ayz_dol1999_phon.pdf,NA
939,gmm_Boyd1997.pdf,NA
940,byv_nganmou1991_phon.pdf,NA
941,xmf_harris1991_phon.pdf,NA
942,bfm_bangha2003_phon.pdf,NA
943,mwt_veena1980_phon.pdf,NA
944,cas_sakel2004_phon.pdf,NA
945,mgg_djiafeua1989_phon.pdf,NA
946,mhk_nahjella1997_phon.pdf,NA
947,nmg_ngue2002_phon.pdf,NA
948,mlv_Francois2001_phon.pdf,NA
949,nnm_feldpausch1992_phon.pdf,NA
950,nml_ngoran1999_phon.pdf,NA
951,apm_hoijer1946.pdf,NA
952,yum_halpern1946.pdf,NA
953,nnk_spaulding1994_phon.pdf,NA
954,niq_creider1989_phon.pdf,NA
955,kig_saowalak1993_phon.pdf,NA
956,mff_kum2002_phon.pdf,NA
957,ncl_langacker1979_phon.pdf,NA
958,nag_bhattacharjya2001_phon.pdf,NA
959,nsh_bolima1998_phon.pdf,NA
960,nig_baker1999_phon.pdf,NA
961,nam_hoddinott1988_phon.pdf,NA
962,jgo_ngouagna1988.pdf,NA
963,nla_voutsa2003_phon.pdf,NA
964,noo_davidson2002_phon.pdf,NA
965,kxm_phunsap1984_phon.pdf,NA
966,pao_thornes2003_phon.pdf,NA
967,kcn_wellens2003_phon.pdf,NA
968,nus_frank1999_phon.pdf,NA
969,ekm_ekambi1990_phon.pdf,NA
970,nym_maganga1992_phon.pdf,NA
971,nyl_taweeporn1998_phon.pdf,NA
972,ann_faraclas1984_phon.pdf,NA
973,mps_loving1974_phon.pdf,NA
974,fai_loving1974_phon.pdf,NA
975,oku_yensi1996_phon.pdf,NA
976,oss_hettich1997_phon.pdf,NA
977,pau_josephs1975_phon.pdf,NA
978,okv_loving1977_phon.pdf,NA
979,yll_loving1977_phon.pdf,NA
980,niz_loving1977_phon.pdf,NA
981,dob_loving1977_phon.pdf,NA
982,smq_loving1977_phon.pdf,NA
983,uvh_loving1974_phon.pdf,NA
984,bzf_loving1974_phon.pdf,NA
985,prt&mlf_unchalee1988_phon.pdf,NA
986,mlf_unchalee1988_phon.pdf,NA
987,rma_grinevald1990_phon.pdf,NA
988,xmt_remijsen2002_phon.pdf,NA
989,run_rodegem1967_phon.pdf,NA
990,nyn_poletto1998_phon.pdf,NA
991,rwr_magier1983_phon.pdf,NA
992,ndi_kong2004_phon.pdf,NA
993,sbd_platiel1979_phon.pdf,NA
994,sxm_ploykaew2001_phon.pdf,NA
995,sae_antunes2004_phon.pdf,NA
996,str_montler2005_phon.pdf,NA
997,sas_austin1998_phon.pdf,NA
998,srb_anonymous1927_phon.pdf,NA
999,pos_clark1995_phon.pdf,NA
1000,sey_levinson1990_phon.pdf,NA
1001,trv_asal1969_phon.pdf,NA
1002,ssg_wozna&wilson2005_phon.pdf,NA
1003,sza_kruspe1999_phon.pdf,NA
1004,ser_hill1967_phon.pdf,NA
1005,sbf_teferra1991_phon.pdf,NA
1006,ywn_vieira2004_phon.pdf,NA
1007,kde_liphola2001_phon.pdf,NA
1008,sna_fortune1955_phon.pdf,NA
1009,bax_nchare2005_phon.pdf,NA
1010,sjr_rowe2005_phon.pdf,NA
1011,skr_shackle1976_phon.pdf,NA
1012,sjw_andrews1994_phon.pdf,NA
1013,skv_donohue2004_phon.pdf,NA
1014,thm_migliazza1998_phon.pdf,NA
1015,erk_thieberger2004_phon.pdf,NA
1016,spo_carlson1972_phon.pdf,NA
1017,sot_demuth1992_phon.pdf,NA
1018,stw_roddy2007_phon.pdf,NA
1019,ulw_green1999_phon.pdf,NA
1020,jup_epps2005_phon.pdf,NA
1021,zoh_johnson2000_phon.pdf,NA
1022,ztp_beam2004_phon.pdf,NA
1023,yuk_schlicter1985_phon.pdf,NA
1024,yap_ballantyne2005_phon.pdf,NA
1025,yur_robins1958_phon.pdf,NA
1026,yuz_gijn2006_phon.pdf,NA
1027,yux_maslova2003_phon.pdf,NA
1028,wbm_wattana1998_phon.pdf,NA
1029,wms_vries1992_phon.pdf,NA
1030,was_jacobsen1964_phon.pdf,NA
1031,way_silva-tavares2005_phon.pdf,NA
1032,woc_exter2003_phon.pdf,NA
1033,var_armendariz2005_phon.pdf,NA
1034,vai_delafosse1899_phon.pdf,NA
1035,ukr_pugh1999_phon.pdf,NA
1036,phl_liljegren2008_phon.pdf,NA
1037,mky_Bowden1997_phon.pdf,NA
1038,tpj_gonzalez2005_phon.pdf,NA
1039,bjz_farr_phon.pdf,NA
1040,tav_bostrom1998_phon.pdf,NA
1041,tgw_casimir1998_phon.pdf,NA
1042,mzn_mohktarian2004.pdf,NA
1043,blk_orranat2000_phon.pdf,NA
1044,tft_hayami2001_phon.pdf,NA
1045,tob_klein1973_phon.pdf,NA
1046,pol_jassem2003_phon.pdf,NA
1047,cmn_Lee2003_phon.pdf,NA
1048,ijn_harry2003_phon.pdf,NA
1049,ydd_Kleine2003_phon.pdf,NA
1050,nld_peters2006_phon.pdf,NA
1050,nld_Verhoeven2005_phon.pdf,NA
1051,mla_Jauncey2005_phon.pdf,NA
1052,gay_eades2006_phon.pdf,NA
1053,jam_harry2006_phon.pdf,NA
1054,mcs_anonby2006_phon.pdf,NA
1055,arg_Mott2007_phon.pdf,NA
1056,zts_Merrill2008_phon.pdf,NA
1057,ibb_urua2004_phon.pdf,NA
1058,tam_Keane2004_phon.pdf,NA
1059,zpq_sonnenschein2004_phon.pdf,NA
1060,bgo_relich1973_phon.pdf,NA
1061,nxl_bolton1990_phon.pdf,NA
1062,slu_coward1990_phon.pdf,NA
1063,tvd_lovelace1992_phon.pdf,NA
1064,wos_wendel1993_phon.pdf,NA
1065,blr_block1994_phon.pdf,NA
1066,txx_dillon1994_phon.pdf,NA
1067,bod_cha1995_phon.pdf,NA
1068,ruk_wilson1996_phon.pdf,NA
1069,tol_bommelyn1997_phon.pdf,NA
1070,pae_reeder1998_phon.pdf,NA
1071,cho_broadwell_phon.pdf,NA
1072,crg_rosen2007_phon.pdf,NA
1073,plg_vidal2001_phon.pdf,NA
1074,yuc_linn2001_phon.pdf,NA
1075,bwi_granadillo2006_phon.pdf,NA
1076,ktn_everett2006_phon.pdf,NA
1077,esi_nagai2006_phon.pdf,NA
1078,zab_lillehaugen2006_phon.pdf,NA
1079,tzo_shklovsky2005_phon.pdf,NA
1080,sid_kawachi2007_phon.pdf,NA
1081,bdr_miller2007_phon.pdf,NA
1082,cid_jany2007_phon.pdf,NA
1083,tee_kung2007_phon.pdf,NA
1084,ute_oberly2008_phon.pdf,NA
1085,duo_robinson2008_phon.pdf,NA
1086,ton_morton1962_phon.pdf,NA
1087,lmw_Callaghan1963_phon.pdf,NA
1088,lzz_anderson1963_phon.pdf,NA
1089,jun_matson1964_phon.pdf,NA
1090,adn_haan2001_phon.pdf,NA
1091,ael_nganganu2001_phon.pdf,NA
1092,apu_facundes2000_phon.pdf,NA
1093,ace_asyik1987_phon.pdf,NA
1094,aig_farquhar1974_phon.pdf,NA
1095,akl_chai1971_phon.pdf,NA
1096,arh_frank1985_phon.pdf,NA
1097,arr_gabas1999_phon.pdf,NA
1098,ayl_elfitoury1976_phon.pdf,NA
1099,bbc_percival1964_phon.pdf,NA
1100,bci_timyan1977_phon.pdf,NA
1101,bfw_fernandez1968_phon.pdf,NA
1102,biw_begne1979_phon.pdf,NA
1103,bla_taylor1969_phon.pdf,NA
1104,bll_einaudi1974_phon.pdf,NA
1105,bzj_greene1993_phon.pdf,NA
1106,cku_kimball1985_phon.pdf,NA
1107,coo_harris1981_phon.pdf,NA
1108,cso_foris1993_phon.pdf,NA
1109,diq_todd1985_phon.pdf,NA
1110,ets_elimelech1976_phon.pdf,NA
1111,frr_lasswell1998_phon.pdf,NA
1112,gju_losey2002_phon.pdf,NA
1113,gvc_stenzel2004_phon.pdf,NA
1114,hum_takizala1974_phon.pdf,NA
1115,hur_galloway1977_phon.pdf,NA
1116,hva_wedemeyer1988_phon.pdf,NA
1117,ilo_rubino1997_phon.pdf,NA
1118,kbc_sandalo1995_phon.pdf,NA
1119,kub_koops1990_phon.pdf,NA
1120,kwi_curnow1997_phon.pdf,NA
1121,lis_roop1970_phon.pdf,NA
1122,los_hamel1985_phon.pdf,NA
1123,mbe_pharris2006_phon.pdf,NA
1124,mcf_fleck2003_phon.pdf,NA
1125,mni_chelliah1992_phon.pdf,NA
1126,mnk_drame1981_phon.pdf,NA
1127,moc_grondona1998_phon.pdf,NA
1128,mam_godfrey1981_phon.pdf,NA
1129,myu_picanco2005_phon.pdf,NA
1130,ncg_tarpent1987_phon.pdf,NA
1131,nds_mierau1965_phon.pdf,NA
1132,pmg_berthiaume2003_phon.pdf,NA
1133,par_mclaughlin1987_phon.pdf,NA
1134,pcm_faraclas1989_phon.pdf,NA
1135,pej_oconnor1987_phon.pdf,NA
1136,poq_reilly2002_phon.pdf,NA
1137,kca_filchenko2007.pdf,NA
1138,cat_carbonell1992_phon.pdf,NA
1139,hrv_landau1995_phon.pdf,NA
1140,ces_dankovicova1997_phon.pdf,NA
1141,glg_regueira1996_phon.pdf,NA
1142,kbp_padayodi2008_phon.pdf,NA
1143,mnh_olson2001_phon.pdf,NA
1144,ind_soderberg2008_phon.pdf,NA
1145,ita_rogers2004_phon.pdf,NA
1146,qxl_masaquiza2008_phon.pdf,NA
1147,sei_marlett1981_phon.pdf,NA
1147,sei_Astorga2005_phon.pdf,NA
1148,snd_nihalani1995.pdf,NA
1149,slv_sustarsic-komar1995.pdf,NA
1150,swe_engstrand1990.pdf,NA
1151,mky_bowden-hajek1996.pdf,NA
1152,khc_donohue1994.pdf,NA
1153,pib_sebastian-marlett2008.pdf,NA
1154,quc_larsen1988_phon.pdf,NA
1155,qvh_weber1983_phon.pdf,NA
1156,qum_barrett1999_phon.pdf,NA
1157,qug_beukema1975_phon.pdf,NA
1158,tpt_watters1988_phon.pdf,NA
1159,abt_wilson1973_phon.pdf,NA
1160,aau_lock1990_phon.pdf,NA
1161,ahg_hetzron1969_phon.pdf,NA
1162,ahk_panadda1993_phon.pdf,NA
1163,aly_yallop1977_phon.pdf,NA
1164,amn_minch1992_phon.pdf,NA
1165,anu_reh1996_phon.pdf,NA
1166,jbj_voorhoeve1985_phon.pdf,NA
1167,aon_fortune1942_phon.pdf,NA
1168,tcb_holton2000_phon.pdf,NA
1169,avt_scorza1985_phon.pdf,NA
1170,tpz_loving1975_phon.pdf,NA
1171,pex_loving1975_phon.pdf,NA
1172,ptp_loving1975_phon.pdf,NA
1173,kcl_loving1975_phon.pdf,NA
1174,sgz_loving1975_phon.pdf,NA
1175,awx_quigley2003_phon.pdf,NA
1176,azo_azieshi1994_phon.pdf,NA
1177,kmn_feldman1986_phon.pdf,NA
1178,bbw_nashipu2005_phon.pdf,NA
1179,bbk_akumbu1999_phon.pdf,NA
1180,bkh_edika1990_phon.pdf,NA
1181,muo_kouonang1983_phon.pdf,NA
1182,bvm_ngeloh2002_phon.pdf,NA
1183,bgi_mbah2003_phon.pdf,NA
1184,bnm_kouankem2003_phon.pdf,NA
1185,bch_gallagher2005_phon.pdf,NA
1186,bby_gueche2004_phon.pdf,NA
1187,dbj_goudswaard2005_phon.pdf,NA
1188,bem_kula2002_phon.pdf,NA
1189,brc_kouwenberg1994_phon.pdf,NA
1190,xub_coelho2003_phon.pdf,NA
1191,bhw_heuvel2006_phon.pdf,NA
1192,nbj_nordlinger1990_phon.pdf,NA
1193,bhg_wilson2002_phon.pdf,NA
1194,bwq_sanou1978_phon.pdf,NA
1195,bol2_gimba2000_phon.pdf,NA
1196,bot_abessolo1990_phon.pdf,NA
1197,bwo_bhattacharya1977_phon.pdf,NA
1198,bkk_ramaswami1982_phon.pdf,NA
1199,bsp_ganong1998_phon.pdf,NA
1200,bbx_fiensong1993_phon.pdf,NA
1201,bxk_mutonyi2000_phon.pdf,NA
1202,sbs_baumbach1997_phon.pdf,NA
1203,ttl_baumbach1997_phon.pdf,NA
1204,bmo_ayafor2002_phon.pdf,NA
1205,mrq_zewen1987_phon.pdf,NA
1206,oon_dasgupta1982_phon.pdf,NA
1207,plo_zavala2000_phon.pdf,NA
1208,jya_jacques2004_phon.pdf,NA
1209,suq_bryant1999_phon.pdf,NA
1210,blb_obata2003_phon.pdf,NA
1211,hoa_davis2003_phon.pdf,NA
1212,fil_cubar1994_phon.pdf,NA
1213,nxg_djawanai1983_phon.pdf,NA
1214,mnb_vandenberg1989_phon.pdf,NA
1215,xxk_baird2002_phon.pdf,NA
1216,thm_nuchanart1998_phon.pdf,NA
1217,skf_galucio2001_o.pdf,NA
1218,tiw_osborne1974.pdf,NA
1219,trw_lunsford2001.pdf,NA
1220,tdh_lahaussois2002.pdf,NA
1221,tsj_andvik1999.pdf,NA
1222,cof_dickinson2002.pdf,NA
1223,tzj_dayley1981_phon.pdf,NA
1224,pww_naruemon1995_phon.pdf,NA
1225,tyv_harrison2000_phon.pdf,NA
1226,kfk_nigam1971.pdf,NA
1227,wtm_gusain2003_phon.pdf,NA
1228,aty_lynch2000.pdf,NA
1229,atb_wannemacher1998.pdf,NA
1230,cic_gordon-etal2001.pdf,NA
1231,fur_miotti2002.pdf,NA
1232,apj_tuttle2002.pdf,NA
1233,ega_connell2002.pdf,NA
1234,fub_stennes1967.pdf,NA
1235,are_anderson2000_phon.pdf,NA
1236,xsu_borgman1990_phono.pdf,NA
1237,pav_everett1997.pdf,NA
1238,cro_kaschube1967.pdf,NA
1239,boi_chumash1970.pdf,NA
1240,lln_Frajzyngier2001.pdf,NA
1241,fub_Taylor1953.pdf,NA
1242,any_Ahua2004.pdf,NA
1243,any_Ahua2004.pdf,NA
1244,agni_quaireau1987_o.pdf,NA
1245,aka_Dolphyne1988.pdf,NA
1246,cko_Stanford1970.pdf,NA
1247,bvx_Leitch2003.pdf,NA
1248,bcw_Hofmann1990.pdf,NA
1249,bdh_Santandrea1978.pdf,NA
1250,aja_Santandrea1978.pdf,NA
1251,bip_Lojenga2003.pdf,NA
1252,bqp_Wedekind1972.pdf,NA
1253,fub_Bickoe2000.pdf,NA
1254,fuv_McIntosh1984.pdf,NA
1255,her_Elderkin2003.pdf,NA
1256,sef_Herington_etal2009.pdf,NA
1257,khq_Heath2005.pdf,NA
1258,ksf_Guarisma2003.pdf,NA
1259,lea_Botne2003.pdf,NA
1260,lmp_Nforgwei2004.pdf,NA
1261,lmp_Nforgwei2004.pdf,NA
1262,lmp_Nforgwei2004.pdf,NA
1263,mye_Jacquot_etal1976.pdf,NA
1264,bud_badie1995.pdf,NA
1265,baz_Mous2003.pdf,NA
1266,mgw_Odden2003.pdf,NA
1267,yao_Odden2003.pdf,NA
1268,umb_Sommer2003.pdf,NA
1269,ndo_Sommer2003.pdf,NA
1270,mhw_Sommer2003.pdf,NA
1271,diu_Sommer2003.pdf,NA
1272,kwn_Sommer2003.pdf,NA
1273,snk_Diagana1990.pdf,NA
1273,snk_Diagana1995.pdf,NA
1274,ses_Heath1999.pdf,NA
1275,lln_Frajzyngier2001.pdf,NA
1276,kck_Mathangwane1999.pdf,NA
1277,lol_hulstaert1961.pdf,NA
1278,wok_Kuperus1985.pdf,NA
1279,xwe_Capo1991.pdf,NA
1280,xwl_Capo1991.pdf,NA
1281,kqk_Capo1991.pdf,NA
1282,gbs_Capo1991.pdf,NA
1283,jmc_Kagaya&Olomi2006.pdf,NA
1284,mda_Price1989.pdf,NA
1285,mfo_Bamgbose1967.pdf,NA
1286,nwe_dunstan1964.pdf,NA
1287,jow_Carlson1993.pdf,NA
1288,yba_Armstrong1967.pdf,NA
1289,mgr_Bickmore2007.pdf,NA
1290,kcv_Muzenga1980.pdf,NA
1291,kws_Forges1983.pdf,NA
1292,snm_Blackings&Fabb2003.pdf,NA
1293,mgb_Tucker1967.pdf,NA
1294,log_Tucker1967.pdf,NA
1295,aft_deVoogt2009.pdf,NA
1296,avn_Schuh1995.pdf,NA
1297,abn_Gardner19967.pdf,NA
1298,any_Pyne1972.pdf,NA
1299,dgh_Frick1973.pdf,NA
1300,fuv_Arnott1968.pdf,NA
1300,afo_Mackay1968.pdf,NA
1301,fuv_McIntosh1984.pdf,NA
1302,acd_Cleal1973.pdf,NA
1303,ayg_Cleal1973.pdf,NA
1304,hbb_Grieve1973.pdf,NA
1305,kwl_Netting1973.pdf,NA
1306,kye_Cleal1973.pdf,NA
1307,krm_Pichl1973.pdf,NA
1308,bbp_Sampson1985.pdf,NA
1309,dib_Andersen1987.pdf,NA
1310,fod_Plunkett2009.pdf,NA
1311,csk_Diatta&Pike1994.pdf,NA
1312,jum_Andersen2004.pdf,NA
1313,bdi_Andersen&Denmark2007.pdf,NA
1314,lul_Andersen1987.pdf,NA
1315,ymm_College&Paster2006.pdf,NA
1316,mfz_Andersen1992.pdf,NA
1317,sgi_Endresen1990.pdf,NA
1318,cce_Gowlett2003.pdf,NA
1319,xho_Gowlett2003.pdf,NA
1320,akp_Iddah1975.pdf,NA
1321,bun_Pichl1973.pdf,NA
1322,buy_Pichl1973.pdf,NA
1323,cpn_Painter1974.pdf,NA
1324,fap_Pichl1973.pdf,NA
1325,gur_Schaefer1975.pdf,NA
1326,lip_Allan1974.pdf,NA
1327,maw_Osbiston1975.pdf,NA
1328,toi_Bostoen2009.pdf,NA
1329,pbp_Ducos1974.pdf,NA
1330,snw_Allen1973.pdf,NA
1331,tiv_Arnott1968.pdf,NA
1332,byn_Fallon2006.pdf,NA
1333,xan_Ojo&Moshi2009.pdf,NA
1334,lik_Lojenga2008.pdf,NA
1335,yns_Rottland1977.pdf,NA
1336,buu_Lojenga1994.pdf,NA
1337,khy_Coupez1977.pdf,NA
1338,lej_Stappers1971.pdf,NA
1339,kbo_Goyvaerts1986.pdf,NA
1340,won_Chanda1986.pdf,NA
1341,wlc_Rey1994.pdf,NA
1342,aar_Bliese1981.pdf,NA
1343,mua_Elders2006.pdf,NA
1344,mru_Elders2006.pdf,NA
1345,tui_Elders2006.pdf,NA
1346,xuo_Elders2006.pdf,NA
1347,kbn_Elders2006.pdf,NA
1348,gke_Elders2006.pdf,NA
1349,myf_Ahland2009.pdf,NA
1350,tir_Melles2001.pdf,NA
1351,kdj_Novelli1985.pdf,NA
1352,gwn_Matsushita1974.pdf,NA
1353,gwn_Matsushita1974.pdf,NA
1354,gwn_Matsushita1974.pdf,NA
1355,gwn_Matsushita1974.pdf,NA
1356,gwn_Matsushita1974.pdf,NA
1357,gwn_Matsushita1974.pdf,NA
1358,avi_Rongier2002.pdf,NA
1359,shk_Westermann1974.pdf,NA
1360,hgm_Tanaka1978.pdf,NA
1361,pip_Frajzyngier1989.pdf,NA
1362,gax-hdy.pdf,NA
1363,gax-hdy.pdf,NA
1364,wal_Bender_etal1976.pdf,NA
1365,njx_Coupez_etal1965.pdf,NA
1366,lot_Coates1985.pdf,NA
1367,myx_Huntingford1965.pdf,NA
1368,hig_Mohrlang1971.pdf,NA
1369,mzj_Manessy1964.pdf,NA
1370,say_schneeberg1971.pdf,NA
1371,nzb_Guthrie1968.pdf,NA
1372,dsq_Christiansen-Bolli2010.pdf,NA
1373,ktb_Treis2008.pdf,NA
1374,otr_Stevenson2009.pdf,NA
1375,tic_Stevenson2009.pdf,NA
1376,nmi_Andreas_etal2009.pdf,NA
1377,fli_Blench&Ndamsai2009.pdf,NA
1378,mcw_Roberts2009.pdf,NA
1379,nmn_Traill1994.pdf,NA
1380,kib_Quint2009.pdf,NA
1381,kki_Petzell2011,NA
1382,oks_Atoyebi2010.pdf,NA
1383,xuu_Heine&König2008,NA
1384,bbj_Nissim1972.pdf,NA
1385,afn_Shrylock_etal1996.pdf,NA
1386,tkq_Ladefoged1995.pdf,NA
1387,sgc_Toweett1979.pdf,NA
1388,pbr_Stirnimann1983.pdf,NA
1389,hoo_Coupez1955.pdf,NA
1390,bwu_Kröger1992.pdf,NA
1391,bjt_N'Diaye-Correard1969.pdf,NA
1392,now_Bickmore1991.pdf,NA
1393,daf_Bearth&Zemp1967.pdf,NA
1394,pko_Crazzolara1976.pdf,NA
1395,afr_Donaldson1993.pdf,NA
1396,agj_Hudson1997.pdf,NA
1397,har_Wagner1997.pdf,NA
1398,din_Malou1988.pdf,NA
1399,nzi_Dolphyne&Dakubu1988.pdf,NA
1400,aha_Dolphyne&Dakubu1988.pdf,NA
1401,hna_Pohlig1992.pdf,NA
1402,bhs_Viljoen2009.pdf,NA
1403,xed_Langermann1991.pdf,NA
1403,xed_Langermann1994.pdf,NA
1404,hia_Langermann1991.pdf,NA
1405,ikw_Clements&Osu2005.pdf,NA
1406,kot_Ruff2005.pdf,NA
1407,gmm_Boyd1997.pdf,NA
1408,mqb_Gravina1999.pdf,NA
1409,mlw_Bow1997.pdf,NA
1410,muy_Smith1999.pdf,NA
1411,jgo_Satre1997.pdf,NA
1412,dmo_Cox2005.pdf,NA
1413,ntm_Nédellec&Bukies2008.pdf,NA
1414,stv_Gutt1983.pdf,NA
1415,weh_Davison2009.pdf,NA
1416,tey_Hall&Hall2004.pdf,NA
1417,kec_Hall&Hall2004.pdf,NA
1418,kgo_Hall&Hall2004.pdf,NA
1419,kcp_Hall&Hall2004.pdf,NA
1420,kcp_Hall&Hall2004.pdf,NA
1421,xtc_Hall&Hall2004.pdf,NA
1422,xtc_Hall&Hall2004.pdf,NA
1423,xtc_Hall&Hall2004.pdf,NA
1424,mgc_Persson2004.pdf,NA
1425,luc_Kilpatrick2004.pdf,NA
1426,keg_Yip2004.pdf,NA
1427,lmd_Spronk2004.pdf,NA
1428,acz_Spronk2004.pdf,NA
1429,taz_Hetzron1977.pdf,NA
1430,dec_Spronk2004.pdf,NA
1431,did_deJong2004.pdf,NA
1432,lwo_Gilley2004.pdf,NA
1433,ach_Gilley2004.pdf,NA
1434,bxb_Gilley2004.pdf,NA
1435,bvi_WauBilal2004.pdf,NA
1436,ndz_Lojenga1993.pdf,NA
1437,bde_Schuh2007.pdf,NA
1438,fpe_Yakpo2009.pdf,NA
1439,jit_Downing2001.pdf,NA
1440,dim_Seyoum2008.pdf,NA
1441,lto_Dalgish1976.pdf,NA
1442,djm_Heath2008.pdf,NA
1443,kam_Roberts-Kohno2000.pdf,NA
1444,ksf_Bessong&Mel'čuk1983.pdf,NA
1445,laj_Carollo1991.pdf,NA
1446,lks_Donohew1973.pdf,NA
1446,lks_Sample1976.pdf,NA
1447,nuj_Eastman1989.pdf,NA
1448,wmw_Petzell2002.pdf,NA
1449,xkv_Hyman_etal2009.pdf,NA
1450,boz_Blecke1996.pdf,NA
1451,alw_Schneider-Blum2007.pdf,NA
1452,deg_Kari2004.pdf,NA
1453,bsc_Abbatt&Cox1966.pdf,NA
1454,pre_Maurer2009.pdf,NA
1455,nko_Reineke1972.pdf,NA
1456,gru_Hetzron1977.pdf,NA
1457,gru_Hetzron1977.pdf,NA
1458,mvz_Keegan2004.pdf,NA
1459,sgw_Hetzron1977.pdf,NA
1460,sgw_Hetzron1977.pdf,NA
1461,sgw_Hetzron1977.pdf,NA
1462,sgw_Hetzron1977.pdf,NA
1463,sgw_Hetzron1977.pdf,NA
1464,sgw_Hetzron1977.pdf,NA
1465,ior_Hetzron1977.pdf,NA
1466,ior_Hetzron1977.pdf,NA
1467,ior_Hetzron1977.pdf,NA
1468,dnn_Solomiac2007.pdf,NA
1469,bmi_Stevenson1969.pdf,NA
1470,NA,NA
1471,ndh_Botne2008.pdf,NA
1472,mym_Will1989.pdf,NA
1473,nsg_Vossen&Rottland1989.pdf,NA
1474,myb_Hetzron1977.pdf,NA
1475,guk_Uzar1989.pdf,NA
1476,teu_Serzisko1989.pdf,NA
1477,bcq_Breeze1990.pdf,NA
1478,bcq_Wedekind1990.pdf,NA
1479,jnj_Wedekind1990.pdf,NA
1480,zay_Hayward1990.pdf,NA
1481,gmo_Eva1990.pdf,NA
1482,kqy_Ford1990.pdf,NA
1483,aiw_Hayward1990.pdf,NA
1484,xom_bender2012.pdf,NA
1485,udu_Hall&Hall2004.pdf,NA
1486,lgn_bender2012.pdf,NA
1487,kmq_bender2012.pdf,NA
1488,mdm_Sawka2001.pdf,NA
1489,lsm_Botne2006.pdf,NA
1490,nnw_Williams1979.pdf,NA
1491,nbe_Sibanda2004.pdf,NA
1492,sxw_Beavon-Ham2011.pdf,NA
1493,loh_Stirtz2011.pdf,NA
1494,bjg_Segerer2000.pdf,NA
1495,doy_Blench2007.pdf,NA
1496,bam_Konatè&Vydrin1989.pdf,NA
1496,bam_green2010.pdf,NA
1497,hbn_Guest1997.pdf,NA
1498,kga_Creissels1988.pdf,NA
1499,shw_Ali_etal1998.pdf,NA
1500,ttb_Boyd1999.pdf,NA
1501,kua_Baucom1956.pdf,NA
1502,lnb_Baucom1956.pdf,NA
1503,kwm_Baucom1956.pdf,NA
1504,nne_Baucom1956.pdf,NA
1505,ndo_Baucom1956.pdf,NA
1506,ndo_Baucom1956.pdf,NA
1507,ndo_Baucom1956.pdf,NA
1508,xon_Adouna2009.pdf,NA
1509,zag_Jakobi&Crass1993.pdf,NA
1510,zwa_Leslau1999.pdf,NA
1511,zmx_Vanhoudt1987.pdf,NA
1512,bbo_Prost1983.pdf,NA
1513,bez_Morrison2011.pdf,NA
1514,gkp_R_???.pdf,NA
1515,kke_R_???2008.pdf,NA
1516,llc_Vydrine2009.pdf,NA
1517,lom_Sadler2006.pdf,NA
1518,mev_R_???2009.pdf,NA
1519,tye_McCallumJones2010.pdf,NA
1520,sho_McCallumJones2010.pdf,NA
1521,abu_Gauthier1971.pdf,NA
1522,abb_Atindogbé1996.pdf,NA
1523,afu_Obeng2008.pdf,NA
1524,agq_Hyman1979.pdf,NA
1525,arv_Hayward1984.pdf,NA
1526,abi_Tresbarats&Vick1992.pdf,NA
1527,adj_Herault1971.pdf,NA
1528,ahi_Herault1971.pdf,NA
1529,ald_Duponchel1974.pdf,NA
1530,bqv_Blench2009.pdf,NA
1531,zdj_Lafon-Ould-Aoudia1937.pdf,NA
1531,zdj_patin2011.pdf,NA
1532,ibe_Blench_workinprograss.pdf,NA
1533,etx_Blench2010.pdf,NA
1534,nus_Wright1999.pdf,NA
1535,gel_DowSmith2001.pdf,NA
1536,idu_Blench2010.pdf,NA
1537,iri_Daniel&Blench2008.pdf,NA
1538,izr_Blench2000.pdf,NA
1539,jer_Blench2004.pdf,NA
1540,agb_Hyman&Udoh2002.pdf,NA
1541,lgq_Dorvlo2008.pdf,NA
1542,awn_Joswig2010.pdf,NA
1543,glw_Buba&Owens2007.pdf,NA
1544,ahn_Blench2010.pdf,NA
1545,aye_Blench2010.pdf,NA
1546,rng_Carmicheal_etal1999.pdf,NA
1547,wni_???.pdf,NA
1548,biv_Kuch1993.pdf,NA
1549,cwt_Payne1992.pdf,NA
1550,ati_KouadioN'Guessan1996.pdf,NA
1551,aoa_Lorenzino1998.pdf,NA
1552,hae_Owens1985.pdf,NA
1553,pov_Kihm1994.pdf,NA
1554,bss_Hedinger1987.pdf,NA
1554,bss_Hedinger2008.pdf,NA
1555,bqz_Hedinger1987.pdf,NA
1556,bqz_Hedinger1987.pdf,NA
1557,bqz_Hedinger1987.pdf,NA
1558,mbo_Hedinger1987.pdf,NA
1559,bsi_Hedinger1987.pdf,NA
1560,mbo_Hedinger1987.pdf,NA
1561,lir_Singler1981.pdf,NA
1562,ggu_LeSaout1976.pdf,NA
1563,etoVanDeVelde2008.pdf,NA
1564,rcf_Staudacher-Valliamee1992.pdf,NA
1565,mls_Edgar1989.pdf,NA
1566,cri_Ferraz1979.pdf,NA
1567,tan_???.pdf,NA
1568,suk_Batibo_1985.pdf,NA
1569,mfe_Baker1972.pdf,NA
1570,kri_Nylander1983.pdf,NA
1571,ktu_Fehderau1966.pdf,NA
1572,aks_Podi1995.pdf,NA
1573,bag_KongneWelaze2004.pdf,NA
1574,bkc_Léonard2009.pdf,NA
1575,bmv_Ndokobai&Hedinger2005.pdf,NA
1576,dbq_Lienhard&Giger1986.pdf,NA
1577,gou_Viljoen2009.pdf,NA
1578,gde_hoskison1975.pdf,NA
1578,gde_Menetrey&Perrin2006.pdf,NA
1579,lno_Noonan1992.pdf,NA
1580,ahl_Massanvi1995.pdf,NA
1581,kkj_Ernst1992.pdf,NA
1582,knp_Weber2008.pdf,NA
1583,mcu_Perrin&Hill1969.pdf,NA
1584,meq_Gravina&Doumok2001.pdf,NA
1585,mfi_Fluckiger&Whaley1981.pdf,NA
1586,coh_dig_dug_nyf_Volk2011.pdf,NA
1587,dig_Volk2011.pdf,NA
1588,dug_Volk2011.pdf,NA
1589,nyf_Volk2011.pdf,NA
1590,nyf_Volk2011.pdf,NA
1591,nyf_Volk2011.pdf,NA
1592,nyf_Volk2011.pdf,NA
1593,nyf_Volk2011.pdf,NA
1594,nyf_Volk2011.pdf,NA
1595,mlr_Kinnaird2006.pdf,NA
1596,mmu_Boyd2006.pdf,NA
1597,mpi_Allison2006.pdf,NA
1598,mif_Pohlig&Hollingsworth2008.pdf,NA
1599,mfo_Pohlig1981.pdf,NA
1600,ncr_Boutwell2008.pdf,NA
1601,nfu_Eyoh&Hedinger2008.pdf,NA
1602,njy_Wuchu2006.pdf,NA
1603,NA,NA
1604,NA,NA
1605,NA,NA
1606,NA,NA
1607,NA,NA
1608,NA,NA
1609,NA,NA
1610,NA,NA
1611,NA,NA
1612,NA,NA
1613,NA,NA
1614,NA,NA
1615,NA,NA
1616,NA,NA
1617,NA,NA
1618,NA,NA
1619,NA,NA
1620,NA,NA
1621,NA,NA
1622,NA,NA
1623,NA,NA
1624,NA,NA
1625,NA,NA
1626,NA,NA
1627,NA,NA
1628,NA,NA
1629,NA,NA
1630,NA,NA
1631,NA,NA
1632,NA,NA
1633,NA,NA
1634,NA,NA
1635,NA,NA
1636,NA,NA
1637,NA,NA
1638,NA,NA
1639,NA,NA
1640,NA,NA
1641,NA,NA
1642,NA,NA
1643,NA,NA
1644,NA,NA
1645,NA,NA
1646,NA,NA
1647,NA,NA
1648,NA,NA
1649,NA,NA
1650,NA,NA
1651,NA,NA
1652,NA,NA
1653,NA,NA
1654,NA,NA
1655,NA,NA
1656,NA,NA
1657,NA,NA
1658,NA,NA
1659,NA,NA
1660,NA,NA
1661,NA,NA
1662,NA,NA
1663,NA,NA
1664,NA,NA
1665,NA,NA
1666,NA,NA
1667,NA,NA
1668,NA,NA
1669,NA,NA
1670,NA,NA
1671,NA,NA
1672,NA,NA
1673,NA,NA
1674,NA,NA
1675,NA,NA
1676,NA,NA
1677,NA,NA
1678,NA,NA
1679,NA,NA
1680,NA,NA
1681,NA,NA
1682,NA,NA
1683,NA,NA
1684,NA,NA
1685,NA,NA
1686,NA,NA
1687,NA,NA
1688,NA,NA
1689,NA,NA
1690,NA,NA
1691,NA,NA
1692,NA,NA
1693,NA,NA
1694,NA,NA
1695,NA,NA
1696,NA,NA
1697,NA,NA
1698,NA,NA
1699,NA,NA
1700,NA,NA
1701,mrr_Ramaswami.pdf,NA
1702,apq&njm_Ramaswami1999.pdf,NA
1703,apq&njm_Ramaswami1999.pdf,NA
1704,njo&apt_Ramaswami1999.pdf,NA
1705,njo&apt_Ramaswami1999.pdf,NA
1706,asm&awa_Ramaswami1999.pdf,NA
1707,asm&awa_Ramaswami1999.pdf,NA
1708,bfq&bft_Ramaswami1999.pdf,NA
1709,bfq&bft_Ramaswami1999.pdf,NA
1710,lmn&ben_Ramaswami1999.pdf,NA
1711,lmn&ben_Ramaswami1999.pdf,NA
1712,bhb&unr_Ramaswami1999.pdf,NA
1713,bhb&unr_Ramaswami1999.pdf,NA
1714,bwo&bkk_Ramaswami1999.pdf,NA
1715,bwo&bkk_Ramaswami1999.pdf,NA
1716,bns&cdn_Ramaswami1999.pdf,NA
1717,bns&cdn_Ramaswami1999.pdf,NA
1718,nri&drd_Ramaswami1999.pdf,NA
1719,nri&drd_Ramaswami1999.pdf,NA
1720,gaq&gda_Ramaswami1999.pdf,NA
1721,gaq&gda_Ramaswami1999.pdf,NA
1722,adl&grt_Ramaswami1999.pdf,NA
1723,adl&grt_Ramaswami1999.pdf,NA
1724,gju&guj_Ramaswami1999.pdf,NA
1725,gju&guj_Ramaswami1999.pdf,NA
1726,gbj&hlb_Ramaswami1999.pdf,NA
1727,gbj&hlb_Ramaswami1999.pdf,NA
1728,hin&hoc_Ramaswami1999.pdf,NA
1729,hin&hoc_Ramaswami1999.pdf,NA
1730,iru&jns_Ramaswami1999.pdf,NA
1731,iru&jns_Ramaswami1999.pdf,NA
1732,jun&xnr_Ramaswami1999.pdf,NA
1733,jun&xnr_Ramaswami1999.pdf,NA
1734,kan&saz_Ramaswami1999.pdf,NA
1735,kan&saz_Ramaswami1999.pdf,NA
1735,varma_kanigkergotti1978.pdf,NA
1736,mjw&iru_Ramaswami1999.pdf,NA
1737,mjw&iru_Ramaswami1999.pdf,NA
1738,kas&xuj_Ramaswami1999.pdf,NA
1739,kas&xuj_Ramaswami1999.pdf,NA
1740,khr&kha_Ramaswami1999.pdf,NA
1741,khr&kha_Ramaswami1999.pdf,NA
1742,nkh&kfa_Ramaswami1999.pdf,NA
1743,nkh&kfa_Ramaswami1999.pdf,NA
1744,kfb&kfc_Ramaswami1999.pdf,NA
1745,kfb&kfc_Ramaswami1999.pdf,NA
1746,gau&knn_Ramaswami1999.pdf,NA
1747,gau&knn_Ramaswami1999.pdf,NA
1748,kfd&kfq_Ramaswami1999.pdf,NA
1749,kfd&kfq_Ramaswami1999.pdf,NA
1750,kfe&kff_Ramaswami1999.pdf,NA
1751,kfe&kff_Ramaswami1999.pdf,NA
1752,kxu&kfy_Ramaswami1999.pdf,NA
1753,kxu&kfy_Ramaswami1999.pdf,NA
1754,kru&kxv_Ramaswami1999.pdf,NA
1755,kru&kxv_Ramaswami1999.pdf,NA
1756,lbj&lmn_Ramaswami1999.pdf,NA
1757,lbj&lmn_Ramaswami1999.pdf,NA
1758,lep&njh_Ramaswami1999.pdf,NA
1759,lep&njh_Ramaswami1999.pdf,NA
1760,lus&mai_Ramaswami1999.pdf,NA
1761,lus&mai_Ramaswami1999.pdf,NA
1762,mal&mjt_Ramaswami1999.pdf,NA
1763,mal&mjt_Ramaswami1999.pdf,NA
1764,mni&nbi_Ramaswami1999.pdf,NA
1765,mni&nbi_Ramaswami1999.pdf,NA
1766,mar&mxj_Ramaswami1999.pdf,NA
1767,mar&mxj_Ramaswami1999.pdf,NA
1768,mrg&nmo_Ramaswami1999.pdf,NA
1769,mrg&nmo_Ramaswami1999.pdf,NA
1770,unr&nit_Ramaswami1999.pdf,NA
1771,unr&nit_Ramaswami1999.pdf,NA
1772,nep&ncb_Ramaswami1999.pdf,NA
1773,nep&ncb_Ramaswami1999.pdf,NA
1774,gdb&ori_Ramaswami1999.pdf,NA
1775,gdb&ori_Ramaswami1999.pdf,NA
1776,pck&pci_Ramaswami1999.pdf,NA
1777,pck&pci_Ramaswami1999.pdf,NA
1778,lae&peg_Ramaswami1999.pdf,NA
1779,lae&peg_Ramaswami1999.pdf,NA
1780,pan&bfw_Ramaswami1999.pdf,NA
1781,pan&bfw_Ramaswami1999.pdf,NA
1782,san&sat_Ramaswami1999.pdf,NA
1783,san&sat_Ramaswami1999.pdf,NA
1784,nsm&scl_Ramaswami1999.pdf,NA
1785,nsm&scl_Ramaswami1999.pdf,NA
1786,snd&srb_Ramaswami1999.pdf,NA
1787,snd&srb_Ramaswami1999.pdf,NA
1788,tam&nmf_Ramaswami1999.pdf,NA
1789,tam&nmf_Ramaswami1999.pdf,NA
1790,nst&tel_Ramaswami1999.pdf,NA
1791,nst&tel_Ramaswami1999.pdf,NA
1792,tcz&tcx_Ramaswami1999.pdf,NA
1793,tcz&tcx_Ramaswami1999.pdf,NA
1794,trp&tcy_Ramaswami1999.pdf,NA
1795,trp&tcy_Ramaswami1999.pdf,NA
1796,url&urd_Ramaswami1999.pdf,NA
1797,url&urd_Ramaswami1999.pdf,NA
1798,vaa&yea_Ramaswami1999.pdf,NA
1799,vaa&yea_Ramaswami1999.pdf,NA
1800,yeu_Ramaswami1999.pdf,NA
1801,NA,http://linguistics.berkeley.edu/~saphon/en/inv/Kawesqar.html
1802,NA,http://linguistics.berkeley.edu/~saphon/en/inv/Mapudungun.html
1803,NA,http://linguistics.berkeley.edu/~saphon/en/inv/Achagua.html
1804,NA,http://linguistics.berkeley.edu/~saphon/en/inv/Apurina.html
1805,NA,http://linguistics.berkeley.edu/~saphon/en/inv/Lokono.html
1806,NA,http://linguistics.berkeley.edu/~saphon/en/inv/Ashaninka.html
1807,NA,http://linguistics.berkeley.edu/~saphon/en/inv/AsheninkaA.html
1808,NA,http://linguistics.berkeley.edu/~saphon/en/inv/AsheninkaPe.html
1809,NA,http://linguistics.berkeley.edu/~saphon/en/inv/AsheninkaPi.html
1810,NA,http://linguistics.berkeley.edu/~saphon/en/inv/AsheninkaUc.html
1811,NA,http://linguistics.berkeley.edu/~saphon/en/inv/Baniwa.html
1812,NA,http://linguistics.berkeley.edu/~saphon/en/inv/Baniva.html
1813,NA,http://linguistics.berkeley.edu/~saphon/en/inv/Bare.html
1814,NA,http://linguistics.berkeley.edu/~saphon/en/inv/Cabiyari.html
1815,NA,http://linguistics.berkeley.edu/~saphon/en/inv/Caquinte.html
1816,NA,http://linguistics.berkeley.edu/~saphon/en/inv/Chamicuro.html
1817,NA,http://linguistics.berkeley.edu/~saphon/en/inv/Curripaco.html
1818,NA,http://linguistics.berkeley.edu/~saphon/en/inv/EnaweneNawe.html
1819,NA,http://linguistics.berkeley.edu/~saphon/en/inv/Inyapari.html
1820,NA,http://linguistics.berkeley.edu/~saphon/en/inv/Kinikinao.html
1821,NA,http://linguistics.berkeley.edu/~saphon/en/inv/Manchinere.html
1822,NA,http://linguistics.berkeley.edu/~saphon/en/inv/Matsigenka.html
1823,NA,http://linguistics.berkeley.edu/~saphon/en/inv/Mehinaku.html
1824,NA,http://linguistics.berkeley.edu/~saphon/en/inv/Nanti.html
1825,NA,http://linguistics.berkeley.edu/~saphon/en/inv/Nomatsiguenga.html
1826,NA,http://linguistics.berkeley.edu/~saphon/en/inv/Palikur.html
1827,NA,http://linguistics.berkeley.edu/~saphon/en/inv/Paraujano.html
1828,NA,http://linguistics.berkeley.edu/~saphon/en/inv/Parecis.html
1829,NA,http://linguistics.berkeley.edu/~saphon/en/inv/Piapoco.html
1830,NA,http://linguistics.berkeley.edu/~saphon/en/inv/Resigaro.html
1831,NA,http://linguistics.berkeley.edu/~saphon/en/inv/Tariana.html
1832,NA,http://linguistics.berkeley.edu/~saphon/en/inv/Terena.html
1833,NA,http://linguistics.berkeley.edu/~saphon/en/inv/Wapichana.html
1834,NA,http://linguistics.berkeley.edu/~saphon/en/inv/Warekena.html
1835,NA,http://linguistics.berkeley.edu/~saphon/en/inv/Waura.html
1836,NA,http://linguistics.berkeley.edu/~saphon/en/inv/Wayuu.html
1837,NA,http://linguistics.berkeley.edu/~saphon/en/inv/Xiriana.html
1838,NA,http://linguistics.berkeley.edu/~saphon/en/inv/Yanesha.html
1839,NA,http://linguistics.berkeley.edu/~saphon/en/inv/Yavitero.html
1840,NA,http://linguistics.berkeley.edu/~saphon/en/inv/Yawalapiti.html
1841,NA,http://linguistics.berkeley.edu/~saphon/en/inv/Yine.html
1842,NA,http://linguistics.berkeley.edu/~saphon/en/inv/Yucuna.html
1843,NA,http://linguistics.berkeley.edu/~saphon/en/inv/Baure.html
1844,NA,http://linguistics.berkeley.edu/~saphon/en/inv/Ignaciano.html
1845,NA,http://linguistics.berkeley.edu/~saphon/en/inv/Deni.html
1846,NA,http://linguistics.berkeley.edu/~saphon/en/inv/Jamamadi.html
1847,NA,http://linguistics.berkeley.edu/~saphon/en/inv/Jarawara.html
1848,NA,http://linguistics.berkeley.edu/~saphon/en/inv/Kulina.html
1849,NA,http://linguistics.berkeley.edu/~saphon/en/inv/Paumari.html
1850,NA,http://linguistics.berkeley.edu/~saphon/en/inv/Suruaha.html
1851,NA,http://linguistics.berkeley.edu/~saphon/en/inv/Aymara.html
1852,NA,http://linguistics.berkeley.edu/~saphon/en/inv/Jaqaru.html
1853,NA,http://linguistics.berkeley.edu/~saphon/en/inv/AwaCuaiquer.html
1854,NA,http://linguistics.berkeley.edu/~saphon/en/inv/Chapalaa.html
1855,NA,http://linguistics.berkeley.edu/~saphon/en/inv/Guambiano.html
1856,NA,http://linguistics.berkeley.edu/~saphon/en/inv/Tsafiki.html
1857,NA,http://linguistics.berkeley.edu/~saphon/en/inv/Bora.html
1858,NA,http://linguistics.berkeley.edu/~saphon/en/inv/Miranya.html
1859,NA,http://linguistics.berkeley.edu/~saphon/en/inv/Muinane.html
1860,NA,http://linguistics.berkeley.edu/~saphon/en/inv/Shiwilu.html
1861,NA,http://linguistics.berkeley.edu/~saphon/en/inv/Shawi.html
1862,NA,http://linguistics.berkeley.edu/~saphon/en/inv/Akurio.html
1863,NA,http://linguistics.berkeley.edu/~saphon/en/inv/Apalai.html
1864,NA,http://linguistics.berkeley.edu/~saphon/en/inv/AraraPara.html
1865,NA,http://linguistics.berkeley.edu/~saphon/en/inv/BakairiE.html
1866,NA,http://linguistics.berkeley.edu/~saphon/en/inv/BakairiW.html
1867,NA,http://linguistics.berkeley.edu/~saphon/en/inv/CaribFrG.html
1868,NA,http://linguistics.berkeley.edu/~saphon/en/inv/CaribVen.html
1869,NA,http://linguistics.berkeley.edu/~saphon/en/inv/CaribESu.html
1870,NA,http://linguistics.berkeley.edu/~saphon/en/inv/Carijona.html
1871,NA,http://linguistics.berkeley.edu/~saphon/en/inv/Hixkaryana.html
1872,NA,http://linguistics.berkeley.edu/~saphon/en/inv/Ikpeng.html
1873,NA,http://linguistics.berkeley.edu/~saphon/en/inv/Ingariko.html
1874,NA,http://linguistics.berkeley.edu/~saphon/en/inv/Japreria.html
1875,NA,http://linguistics.berkeley.edu/~saphon/en/inv/Kaxuiana.html
1876,NA,http://linguistics.berkeley.edu/~saphon/en/inv/Kuikuro.html
1877,NA,http://linguistics.berkeley.edu/~saphon/en/inv/Macushi.html
1878,NA,http://linguistics.berkeley.edu/~saphon/en/inv/Mapoyo.html
1879,NA,http://linguistics.berkeley.edu/~saphon/en/inv/Yekwana.html
1880,NA,http://linguistics.berkeley.edu/~saphon/en/inv/Panare.html
1881,NA,http://linguistics.berkeley.edu/~saphon/en/inv/PemonT.html
1882,NA,http://linguistics.berkeley.edu/~saphon/en/inv/PemonA.html
1883,NA,http://linguistics.berkeley.edu/~saphon/en/inv/Pemono.html
1884,NA,http://linguistics.berkeley.edu/~saphon/en/inv/Trio.html
1885,NA,http://linguistics.berkeley.edu/~saphon/en/inv/WaimiriA.html
1886,NA,http://linguistics.berkeley.edu/~saphon/en/inv/Waiwai.html
1887,NA,http://linguistics.berkeley.edu/~saphon/en/inv/Wayana.html
1888,NA,http://linguistics.berkeley.edu/~saphon/en/inv/Yabarana.html
1889,NA,http://linguistics.berkeley.edu/~saphon/en/inv/OroWin.html
1890,NA,http://linguistics.berkeley.edu/~saphon/en/inv/Wari.html
1891,NA,http://linguistics.berkeley.edu/~saphon/en/inv/Ika.html
1892,NA,http://linguistics.berkeley.edu/~saphon/en/inv/Bari.html
1893,NA,http://linguistics.berkeley.edu/~saphon/en/inv/Muisca.html
1894,NA,http://linguistics.berkeley.edu/~saphon/en/inv/Chimila.html
1895,NA,http://linguistics.berkeley.edu/~saphon/en/inv/Cofan.html
1896,NA,http://linguistics.berkeley.edu/~saphon/en/inv/Kogi.html
1897,NA,http://linguistics.berkeley.edu/~saphon/en/inv/Kuna.html
1898,NA,http://linguistics.berkeley.edu/~saphon/en/inv/Damana.html
1899,NA,http://linguistics.berkeley.edu/~saphon/en/inv/Tunebo.html
1900,NA,http://linguistics.berkeley.edu/~saphon/en/inv/WounMeu.html
1901,NA,http://linguistics.berkeley.edu/~saphon/en/inv/EmberaBaudo.html
1902,NA,http://linguistics.berkeley.edu/~saphon/en/inv/EmberaCatio.html
1903,NA,http://linguistics.berkeley.edu/~saphon/en/inv/EmberaChami.html
1904,NA,http://linguistics.berkeley.edu/~saphon/en/inv/EmberaN.html
1905,NA,http://linguistics.berkeley.edu/~saphon/en/inv/Epena.html
1906,NA,http://linguistics.berkeley.edu/~saphon/en/inv/GununYajich.html
1907,NA,http://linguistics.berkeley.edu/~saphon/en/inv/Ona.html
1908,NA,http://linguistics.berkeley.edu/~saphon/en/inv/Tehuelche.html
1909,NA,http://linguistics.berkeley.edu/~saphon/en/inv/Kokama.html
1910,NA,http://linguistics.berkeley.edu/~saphon/en/inv/Cuiba.html
1911,NA,http://linguistics.berkeley.edu/~saphon/en/inv/Guahibo.html
1912,NA,http://linguistics.berkeley.edu/~saphon/en/inv/Guayabero.html
1913,NA,http://linguistics.berkeley.edu/~saphon/en/inv/Macaguan.html
1914,NA,http://linguistics.berkeley.edu/~saphon/en/inv/Abipon.html
1915,NA,http://linguistics.berkeley.edu/~saphon/en/inv/Kadiweu.html
1916,NA,http://linguistics.berkeley.edu/~saphon/en/inv/Mocovi.html
1917,NA,http://linguistics.berkeley.edu/~saphon/en/inv/Pilaga.html
1918,NA,http://linguistics.berkeley.edu/~saphon/en/inv/TobaLany.html
1919,NA,http://linguistics.berkeley.edu/~saphon/en/inv/TobaTak.html
1920,NA,http://linguistics.berkeley.edu/~saphon/en/inv/Amarakaeri.html
1921,NA,http://linguistics.berkeley.edu/~saphon/en/inv/Cholon.html
1922,NA,http://linguistics.berkeley.edu/~saphon/en/inv/Andoke.html
1923,NA,http://linguistics.berkeley.edu/~saphon/en/inv/Aiwa.html
1924,NA,http://linguistics.berkeley.edu/~saphon/en/inv/Camsa.html
1925,NA,http://linguistics.berkeley.edu/~saphon/en/inv/Candoshi.html
1926,NA,http://linguistics.berkeley.edu/~saphon/en/inv/Cayubaba.html
1927,NA,http://linguistics.berkeley.edu/~saphon/en/inv/Irantxe.html
1928,NA,http://linguistics.berkeley.edu/~saphon/en/inv/Itonama.html
1929,NA,http://linguistics.berkeley.edu/~saphon/en/inv/Leco.html
1930,NA,http://linguistics.berkeley.edu/~saphon/en/inv/Lule.html
1931,NA,http://linguistics.berkeley.edu/~saphon/en/inv/Mochica.html
1932,NA,http://linguistics.berkeley.edu/~saphon/en/inv/Movima.html
1933,NA,http://linguistics.berkeley.edu/~saphon/en/inv/Muniche.html
1934,NA,http://linguistics.berkeley.edu/~saphon/en/inv/Paez.html
1935,NA,http://linguistics.berkeley.edu/~saphon/en/inv/Puinave.html
1936,NA,http://linguistics.berkeley.edu/~saphon/en/inv/Taushiro.html
1937,NA,http://linguistics.berkeley.edu/~saphon/en/inv/Ticuna.html
1938,NA,http://linguistics.berkeley.edu/~saphon/en/inv/Tinigua.html
1939,NA,http://linguistics.berkeley.edu/~saphon/en/inv/Trumai.html
1940,NA,http://linguistics.berkeley.edu/~saphon/en/inv/Urarina.html
1941,NA,http://linguistics.berkeley.edu/~saphon/en/inv/Vilela.html
1942,NA,http://linguistics.berkeley.edu/~saphon/en/inv/Waorani.html
1943,NA,http://linguistics.berkeley.edu/~saphon/en/inv/Warao.html
1944,NA,http://linguistics.berkeley.edu/~saphon/en/inv/Yamana.html
1945,NA,http://linguistics.berkeley.edu/~saphon/en/inv/Yurakare.html
1946,NA,http://linguistics.berkeley.edu/~saphon/en/inv/Achuar.html
1947,NA,http://linguistics.berkeley.edu/~saphon/en/inv/Aguaruna.html
1948,NA,http://linguistics.berkeley.edu/~saphon/en/inv/Huambisa.html
1949,NA,http://linguistics.berkeley.edu/~saphon/en/inv/Shuar.html
1950,NA,http://linguistics.berkeley.edu/~saphon/en/inv/Cacua.html
1951,NA,http://linguistics.berkeley.edu/~saphon/en/inv/Nukak.html
1952,NA,http://linguistics.berkeley.edu/~saphon/en/inv/Katukina.html
1953,NA,http://linguistics.berkeley.edu/~saphon/en/inv/Apinaye.html
1954,NA,http://linguistics.berkeley.edu/~saphon/en/inv/Arikapu.html
1955,NA,http://linguistics.berkeley.edu/~saphon/en/inv/Bororo.html
1956,NA,http://linguistics.berkeley.edu/~saphon/en/inv/Canela.html
1957,NA,http://linguistics.berkeley.edu/~saphon/en/inv/Besiro.html
1958,NA,http://linguistics.berkeley.edu/~saphon/en/inv/GaviaoP.html
1959,NA,http://linguistics.berkeley.edu/~saphon/en/inv/Guato.html
1960,NA,http://linguistics.berkeley.edu/~saphon/en/inv/Jabuti.html
1961,NA,http://linguistics.berkeley.edu/~saphon/en/inv/Kaingang.html
1962,NA,http://linguistics.berkeley.edu/~saphon/en/inv/Karaja.html
1963,NA,http://linguistics.berkeley.edu/~saphon/en/inv/Mebengokre.html
1964,NA,http://linguistics.berkeley.edu/~saphon/en/inv/Kraho.html
1965,NA,http://linguistics.berkeley.edu/~saphon/en/inv/Krenak.html
1966,NA,http://linguistics.berkeley.edu/~saphon/en/inv/Krinkati.html
1967,NA,http://linguistics.berkeley.edu/~saphon/en/inv/Maxakali.html
1968,NA,http://linguistics.berkeley.edu/~saphon/en/inv/Ofaye.html
1969,NA,http://linguistics.berkeley.edu/~saphon/en/inv/Panara.html
1970,NA,http://linguistics.berkeley.edu/~saphon/en/inv/Parkateje.html
1971,NA,http://linguistics.berkeley.edu/~saphon/en/inv/Puri.html
1972,NA,http://linguistics.berkeley.edu/~saphon/en/inv/Rikbaktsa.html
1973,NA,http://linguistics.berkeley.edu/~saphon/en/inv/Suya.html
1974,NA,http://linguistics.berkeley.edu/~saphon/en/inv/Tapayuna.html
1975,NA,http://linguistics.berkeley.edu/~saphon/en/inv/Umotina.html
1976,NA,http://linguistics.berkeley.edu/~saphon/en/inv/Xavante.html
1977,NA,http://linguistics.berkeley.edu/~saphon/en/inv/Xerente.html
1978,NA,http://linguistics.berkeley.edu/~saphon/en/inv/Xokleng.html
1979,NA,http://linguistics.berkeley.edu/~saphon/en/inv/Yaathe.html
1980,NA,http://linguistics.berkeley.edu/~saphon/en/inv/KaingangSP.html
1981,NA,http://linguistics.berkeley.edu/~saphon/en/inv/Chorote.html
1982,NA,http://linguistics.berkeley.edu/~saphon/en/inv/Maka.html
1983,NA,http://linguistics.berkeley.edu/~saphon/en/inv/Chulupi.html
1984,NA,http://linguistics.berkeley.edu/~saphon/en/inv/WichiMP.html
1985,NA,http://linguistics.berkeley.edu/~saphon/en/inv/Callawalla.html
1986,NA,http://linguistics.berkeley.edu/~saphon/en/inv/MosetenC.html
1987,NA,http://linguistics.berkeley.edu/~saphon/en/inv/MosetenSA.html
1988,NA,http://linguistics.berkeley.edu/~saphon/en/inv/Tsimane.html
1989,NA,http://linguistics.berkeley.edu/~saphon/en/inv/Piraha.html
1990,NA,http://linguistics.berkeley.edu/~saphon/en/inv/Daw.html
1991,NA,http://linguistics.berkeley.edu/~saphon/en/inv/Hupde.html
1992,NA,http://linguistics.berkeley.edu/~saphon/en/inv/Nadeb.html
1993,NA,http://linguistics.berkeley.edu/~saphon/en/inv/Yuhup.html
1994,NA,http://linguistics.berkeley.edu/~saphon/en/inv/Kithaulhu.html
1995,NA,http://linguistics.berkeley.edu/~saphon/en/inv/Latunde.html
1996,NA,http://linguistics.berkeley.edu/~saphon/en/inv/Mamainde.html
1997,NA,http://linguistics.berkeley.edu/~saphon/en/inv/Sabane.html
1998,NA,http://linguistics.berkeley.edu/~saphon/en/inv/Amahuaca.html
1999,NA,http://linguistics.berkeley.edu/~saphon/en/inv/Shawa.html
2000,NA,http://linguistics.berkeley.edu/~saphon/en/inv/Capanahua.html
2001,NA,http://linguistics.berkeley.edu/~saphon/en/inv/Cashibo.html
2002,NA,http://linguistics.berkeley.edu/~saphon/en/inv/Chacobo.html
2003,NA,http://linguistics.berkeley.edu/~saphon/en/inv/Kashinawa.html
2004,NA,http://linguistics.berkeley.edu/~saphon/en/inv/KatukinaPan.html
2005,NA,http://linguistics.berkeley.edu/~saphon/en/inv/Kaxarari.html
2006,NA,http://linguistics.berkeley.edu/~saphon/en/inv/Korubo.html
2007,NA,http://linguistics.berkeley.edu/~saphon/en/inv/Matis.html
2008,NA,http://linguistics.berkeley.edu/~saphon/en/inv/Matses.html
2009,NA,http://linguistics.berkeley.edu/~saphon/en/inv/Nukini.html
2010,NA,http://linguistics.berkeley.edu/~saphon/en/inv/Panobo.html
2011,NA,http://linguistics.berkeley.edu/~saphon/en/inv/Poyanawa.html
2012,NA,http://linguistics.berkeley.edu/~saphon/en/inv/Saynawa.html
2013,NA,http://linguistics.berkeley.edu/~saphon/en/inv/Shanenawa.html
2014,NA,http://linguistics.berkeley.edu/~saphon/en/inv/Sharanahua.html
2015,NA,http://linguistics.berkeley.edu/~saphon/en/inv/Shipibo.html
2016,NA,http://linguistics.berkeley.edu/~saphon/en/inv/Yaminahua.html
2017,NA,http://linguistics.berkeley.edu/~saphon/en/inv/Yawanawa.html
2018,NA,http://linguistics.berkeley.edu/~saphon/en/inv/Yora.html
2019,NA,http://linguistics.berkeley.edu/~saphon/en/inv/Yagua.html
2020,NA,http://linguistics.berkeley.edu/~saphon/en/inv/Yameo.html
2021,NA,http://linguistics.berkeley.edu/~saphon/en/inv/AncashQ.html
2022,NA,http://linguistics.berkeley.edu/~saphon/en/inv/CajamarcaQ.html
2023,NA,http://linguistics.berkeley.edu/~saphon/en/inv/ChachapoyasQ.html
2024,NA,http://linguistics.berkeley.edu/~saphon/en/inv/CuzcoCollaoQ.html
2025,NA,http://linguistics.berkeley.edu/~saphon/en/inv/FerrenafeQ.html
2026,NA,http://linguistics.berkeley.edu/~saphon/en/inv/ImbaburaQ.html
2027,NA,http://linguistics.berkeley.edu/~saphon/en/inv/IngaHQ.html
2028,NA,http://linguistics.berkeley.edu/~saphon/en/inv/IngaJQ.html
2029,NA,http://linguistics.berkeley.edu/~saphon/en/inv/JaujaHuancaQ.html
2030,NA,http://linguistics.berkeley.edu/~saphon/en/inv/NJuninSPQ.html
2031,NA,http://linguistics.berkeley.edu/~saphon/en/inv/NJuninT.html
2032,NA,http://linguistics.berkeley.edu/~saphon/en/inv/AyacuchoQ.html
2033,NA,http://linguistics.berkeley.edu/~saphon/en/inv/BolivianQ.html
2034,NA,http://linguistics.berkeley.edu/~saphon/en/inv/HuallagaHQ.html
2035,NA,http://linguistics.berkeley.edu/~saphon/en/inv/HuaylasCQ.html
2036,NA,http://linguistics.berkeley.edu/~saphon/en/inv/SanMartinQ.html
2037,NA,http://linguistics.berkeley.edu/~saphon/en/inv/YaruQ.html
2038,NA,http://linguistics.berkeley.edu/~saphon/en/inv/SantiagoEQ.html
2039,NA,http://linguistics.berkeley.edu/~saphon/en/inv/NapoQ.html
2040,NA,http://linguistics.berkeley.edu/~saphon/en/inv/SalascaQ.html
2041,NA,http://linguistics.berkeley.edu/~saphon/en/inv/TenaQ.html
2042,NA,http://linguistics.berkeley.edu/~saphon/en/inv/Piaroa.html
2043,NA,http://linguistics.berkeley.edu/~saphon/en/inv/Saliba.html
2044,NA,http://linguistics.berkeley.edu/~saphon/en/inv/Araona.html
2045,NA,http://linguistics.berkeley.edu/~saphon/en/inv/Cavinenya.html
2046,NA,http://linguistics.berkeley.edu/~saphon/en/inv/EseEjja.html
2047,NA,http://linguistics.berkeley.edu/~saphon/en/inv/EseEja.html
2048,NA,http://linguistics.berkeley.edu/~saphon/en/inv/Reyesano.html
2049,NA,http://linguistics.berkeley.edu/~saphon/en/inv/Tacana.html
2050,NA,http://linguistics.berkeley.edu/~saphon/en/inv/BarasanaE.html
2051,NA,http://linguistics.berkeley.edu/~saphon/en/inv/Kubeo.html
2052,NA,http://linguistics.berkeley.edu/~saphon/en/inv/Desano.html
2053,NA,http://linguistics.berkeley.edu/~saphon/en/inv/Guanano.html
2054,NA,http://linguistics.berkeley.edu/~saphon/en/inv/Karapana.html
2055,NA,http://linguistics.berkeley.edu/~saphon/en/inv/Koreguaje.html
2056,NA,http://linguistics.berkeley.edu/~saphon/en/inv/Macuna.html
2057,NA,http://linguistics.berkeley.edu/~saphon/en/inv/Maihiki.html
2058,NA,http://linguistics.berkeley.edu/~saphon/en/inv/Piratapuyo.html
2059,NA,http://linguistics.berkeley.edu/~saphon/en/inv/Secoya.html
2060,NA,http://linguistics.berkeley.edu/~saphon/en/inv/Siona.html
2061,NA,http://linguistics.berkeley.edu/~saphon/en/inv/Siriano.html
2062,NA,http://linguistics.berkeley.edu/~saphon/en/inv/TanimucaR.html
2063,NA,http://linguistics.berkeley.edu/~saphon/en/inv/Tatuyo.html
2064,NA,http://linguistics.berkeley.edu/~saphon/en/inv/Tucano.html
2065,NA,http://linguistics.berkeley.edu/~saphon/en/inv/Tuyuca.html
2066,NA,http://linguistics.berkeley.edu/~saphon/en/inv/Waimaha.html
2067,NA,http://linguistics.berkeley.edu/~saphon/en/inv/Yuruti.html
2068,NA,http://linguistics.berkeley.edu/~saphon/en/inv/Ache.html
2069,NA,http://linguistics.berkeley.edu/~saphon/en/inv/Akuntsu.html
2070,NA,http://linguistics.berkeley.edu/~saphon/en/inv/Amundava.html
2071,NA,http://linguistics.berkeley.edu/~saphon/en/inv/Apiaka.html
2072,NA,http://linguistics.berkeley.edu/~saphon/en/inv/Arawete.html
2073,NA,http://linguistics.berkeley.edu/~saphon/en/inv/AsuriniX.html
2074,NA,http://linguistics.berkeley.edu/~saphon/en/inv/AsuriniT.html
2075,NA,http://linguistics.berkeley.edu/~saphon/en/inv/AvaCanoeiro.html
2076,NA,http://linguistics.berkeley.edu/~saphon/en/inv/Aweti.html
2077,NA,http://linguistics.berkeley.edu/~saphon/en/inv/ChiriguanoC.html
2078,NA,http://linguistics.berkeley.edu/~saphon/en/inv/ChiriguanoI.html
2079,NA,http://linguistics.berkeley.edu/~saphon/en/inv/Emerillon.html
2080,NA,http://linguistics.berkeley.edu/~saphon/en/inv/GaviaoJ.html
2081,NA,http://linguistics.berkeley.edu/~saphon/en/inv/Guaja.html
2082,NA,http://linguistics.berkeley.edu/~saphon/en/inv/Guajajara.html
2083,NA,http://linguistics.berkeley.edu/~saphon/en/inv/Mbya.html
2084,NA,http://linguistics.berkeley.edu/~saphon/en/inv/GuaraniP.html
2085,NA,http://linguistics.berkeley.edu/~saphon/en/inv/Guarayu.html
2086,NA,http://linguistics.berkeley.edu/~saphon/en/inv/Juma.html
2087,NA,http://linguistics.berkeley.edu/~saphon/en/inv/Juruna.html
2088,NA,http://linguistics.berkeley.edu/~saphon/en/inv/Kaapor.html
2089,NA,http://linguistics.berkeley.edu/~saphon/en/inv/Kaiwa.html
2090,NA,http://linguistics.berkeley.edu/~saphon/en/inv/Kamayura.html
2091,NA,http://linguistics.berkeley.edu/~saphon/en/inv/Karitiana.html
2092,NA,http://linguistics.berkeley.edu/~saphon/en/inv/Karo.html
2093,NA,http://linguistics.berkeley.edu/~saphon/en/inv/Kayabi.html
2094,NA,http://linguistics.berkeley.edu/~saphon/en/inv/Kuruaya.html
2095,NA,http://linguistics.berkeley.edu/~saphon/en/inv/Makurap.html
2096,NA,http://linguistics.berkeley.edu/~saphon/en/inv/Munduruku.html
2097,NA,http://linguistics.berkeley.edu/~saphon/en/inv/Nheengatu.html
2098,NA,http://linguistics.berkeley.edu/~saphon/en/inv/Omagua.html
2099,NA,http://linguistics.berkeley.edu/~saphon/en/inv/PaiTavytera.html
2100,NA,http://linguistics.berkeley.edu/~saphon/en/inv/Parakana.html
2101,NA,http://linguistics.berkeley.edu/~saphon/en/inv/Sakirabia.html
2102,NA,http://linguistics.berkeley.edu/~saphon/en/inv/SatereMawe.html
2103,NA,http://linguistics.berkeley.edu/~saphon/en/inv/Surui.html
2104,NA,http://linguistics.berkeley.edu/~saphon/en/inv/Tapiete.html
2105,NA,http://linguistics.berkeley.edu/~saphon/en/inv/Tapirape.html
2106,NA,http://linguistics.berkeley.edu/~saphon/en/inv/Tembe.html
2107,NA,http://linguistics.berkeley.edu/~saphon/en/inv/Tenharim.html
2108,NA,http://linguistics.berkeley.edu/~saphon/en/inv/Tupari.html
2109,NA,http://linguistics.berkeley.edu/~saphon/en/inv/Tupinamba.html
2110,NA,http://linguistics.berkeley.edu/~saphon/en/inv/UruEuWauWau.html
2111,NA,http://linguistics.berkeley.edu/~saphon/en/inv/WayampiAJ.html
2112,NA,http://linguistics.berkeley.edu/~saphon/en/inv/WayampiAmp.html
2113,NA,http://linguistics.berkeley.edu/~saphon/en/inv/Xeta.html
2114,NA,http://linguistics.berkeley.edu/~saphon/en/inv/Xipaya.html
2115,NA,http://linguistics.berkeley.edu/~saphon/en/inv/Zoe.html
2116,NA,http://linguistics.berkeley.edu/~saphon/en/inv/Siriono.html
2117,NA,http://linguistics.berkeley.edu/~saphon/en/inv/Yuqui.html
2118,NA,http://linguistics.berkeley.edu/~saphon/en/inv/Aikana.html
2119,NA,http://linguistics.berkeley.edu/~saphon/en/inv/AraraMG.html
2120,NA,http://linguistics.berkeley.edu/~saphon/en/inv/Hoti.html
2121,NA,http://linguistics.berkeley.edu/~saphon/en/inv/Kanoe.html
2122,NA,http://linguistics.berkeley.edu/~saphon/en/inv/KaririXocoDz.html
2123,NA,http://linguistics.berkeley.edu/~saphon/en/inv/Kunza.html
2124,NA,http://linguistics.berkeley.edu/~saphon/en/inv/Kwaza.html
2125,NA,http://linguistics.berkeley.edu/~saphon/en/inv/Pume.html
2126,NA,http://linguistics.berkeley.edu/~saphon/en/inv/Chipaya.html
2127,NA,http://linguistics.berkeley.edu/~saphon/en/inv/Uru.html
2128,NA,http://linguistics.berkeley.edu/~saphon/en/inv/HuitotoMinica.html
2129,NA,http://linguistics.berkeley.edu/~saphon/en/inv/HuitotoMurui.html
2130,NA,http://linguistics.berkeley.edu/~saphon/en/inv/Nonuya.html
2131,NA,http://linguistics.berkeley.edu/~saphon/en/inv/Ocaina.html
2132,NA,http://linguistics.berkeley.edu/~saphon/en/inv/NinamN.html
2133,NA,http://linguistics.berkeley.edu/~saphon/en/inv/Sanuma.html
2134,NA,http://linguistics.berkeley.edu/~saphon/en/inv/Yanomami.html
2135,NA,http://linguistics.berkeley.edu/~saphon/en/inv/Yanomamo.html
2136,NA,http://linguistics.berkeley.edu/~saphon/en/inv/Chamacoco.html
2137,NA,http://linguistics.berkeley.edu/~saphon/en/inv/Ayoreo.html
2138,NA,http://linguistics.berkeley.edu/~saphon/en/inv/Andoa.html
2139,NA,http://linguistics.berkeley.edu/~saphon/en/inv/Arabela.html
2140,NA,http://linguistics.berkeley.edu/~saphon/en/inv/Iquito.html
2141,NA,http://linguistics.berkeley.edu/~saphon/en/inv/Sapara.html
2142,NA,http://linguistics.berkeley.edu/~saphon/en/inv/Nhandeva.html
2143,NA,http://linguistics.berkeley.edu/~saphon/en/inv/Pisamira.html
2144,NA,http://linguistics.berkeley.edu/~saphon/en/inv/AlacalufeS.html
2145,NA,http://linguistics.berkeley.edu/~saphon/en/inv/AymaraC.html
2146,NA,http://linguistics.berkeley.edu/~saphon/en/inv/YanomamaP.html
2147,NA,http://linguistics.berkeley.edu/~saphon/en/inv/YanomaeD.html
2148,NA,http://linguistics.berkeley.edu/~saphon/en/inv/SanomaK.html
2149,NA,http://linguistics.berkeley.edu/~saphon/en/inv/YanomamiP.html
2150,NA,http://linguistics.berkeley.edu/~saphon/en/inv/YaroameS.html
2151,NA,http://linguistics.berkeley.edu/~saphon/en/inv/YanomamiV.html
2152,NA,http://linguistics.berkeley.edu/~saphon/en/inv/Pacahuara.html
2153,NA,http://linguistics.berkeley.edu/~saphon/en/inv/YukpaMa.html
2154,NA,http://linguistics.berkeley.edu/~saphon/en/inv/YukpaIra.html
2155,NA,http://linguistics.berkeley.edu/~saphon/en/inv/Trinitario.html
2156,amh_hayward1992.pdf,NA
2157,arb_thelwall1990.pdf,NA
2158,aer_breen2005.pdf,NA
2159,asm_mahanta2012.pdf,NA
2160,bcj_bowern2012.pdf,NA
2161,eus_hualde2010.pdf,NA
2162,ben_khan2010.pdf,NA
2163,bul_ternes1990.pdf,NA
2164,mya_watkins2001.pdf,NA
2165,hak_lee2009.pdf,NA
2166,yue_zee1991.pdf,NA
2167,dan_gronnum1998.pdf,NA
2168,dik_remijsen2009.pdf,NA
2169,nld_verhoeven2005.pdf,NA
2170,nld_peters2006.pdf,NA
2171,nld_gussenhoven1999.pdf,NA
2172,nld_heijmans1998.pdf,NA
2173,nld_verhoeven2007.pdf,NA
2174,nld_peters2010.pdf,NA
2175,eng_ladefoged1989.pdf,NA
2176,eng_hillenbrand2003.pdf,NA
2177,eng_cox2007.pdf,NA
2178,eng_watson2007.pdf,NA
2179,eng_bauer2007.pdf,NA
2180,eng_watt2003.pdf,NA
2181,est_asu2009.pdf,NA
2182,fra_fougeron1993.pdf,NA
2183,kat_shosted2006.pdf,NA
2184,deu_kohler1990.pdf,NA
2185,gsw_fleischer2006.pdf,NA
2186,ell_1arvaniti1999.pdf,NA
2187,ell_2arvaniti1999.pdf,NA
2188,hau_schuh1993.pdf,NA
2189,heb_laufer1990.pdf,NA
2190,hin_ohala1994.pdf,NA
2191,hun_szende1994.pdf,NA
2192,ibo_ikekeonwu1991.pdf,NA
2193,gle_ni_chasaide1995.pdf,NA
2194,lad_hualde2011.pdf,NA
2195,ita_bertinetto2005.pdf,NA
2196,jpn_okada1991.pdf,NA
2197,kor_lee1993.pdf,NA
2198,kun_ashkaba1999.pdf,NA
2199,ers_chirkova2013.pdf,NA
2200,ltz_gilles2013.pdf,NA
2201,mhe_kruspe2009.pdf,NA
2202,mkv_guerin2009.pdf,NA
2203,nrb_dawd2002.pdf,NA
2204,nep_khatiwada2009.pdf,NA
2205,pes_majidi1991.pdf,NA
2206,por_cruz-ferreira1995.pdf,NA
2207,por_barbosa2004.pdf,NA
2208,sml_pallesen2012.pdf,NA
2209,slk_hanulikova2010.pdf,NA
2210,spa_martinez-celdra2003.pdf,NA
2211,nsm_teo2012.pdf,NA
2212,tsg_soderberg2012.pdf,NA
2213,tem_kanu2010.pdf,NA
2214,ttr_tench2007.pdf,NA
2215,tha_tingsabadh-abramsonadh1993.pdf,NA
2216,trq_dicanio2010.pdf,NA
2217,tur_zimmer-orgun1992.pdf,NA
2218,zai_pickett2010.pdf,NA
2219,tgk_ido2014.pdf,NA
2220,ker_pearce2011.pdf,NA
2221,zum_anonby2011.pdf,NA
2222,coa_soderberg2014.pdf,NA
2223,zsm_clynes2011.pdf,NA
2224,pdt_cox2013.pdf,NA
2225,kxd_soderberg2014.pdf,NA
2226,pjt_tabain2014.pdf,NA
2227,psi_lamuwal2013.pdf,NA
2228,rmy_adamou2014.pdf,NA
2229,shi_ridouane2014.pdf,NA
2230,sxg_1chirkova2013.pdf,NA
2231,sxg_2chirkova2013.pdf,NA
2232,sxu_khan2013.pdf,NA
2233,vie_kirby2011.pdf,NA
2234,sje_Wilbur2014_phon.pdf,NA
2235,sme_BallsOddenRich2005.pdf,NA
2236,Bickel2016Belhare.pdf,NA
2237,huz_VanDenBerg1995.pdf,NA
2238,evn_Maddieson2016.pdf,NA
2239,NA,http://eurphon.info/languages/html?lang_id=97
2240,NA,http://eurphon.info/languages/html?lang_id=87
2241,NA,http://eurphon.info/languages/html?lang_id=57
2242,NA,http://eurphon.info/languages/html?lang_id=240
2243,NA,http://eurphon.info/languages/html?lang_id=42
2244,NA,http://eurphon.info/languages/html?lang_id=274
2245,NA,http://eurphon.info/languages/html?lang_id=431
2246,NA,http://eurphon.info/languages/html?lang_id=214
2247,NA,http://eurphon.info/languages/html?lang_id=150
2248,NA,http://eurphon.info/languages/html?lang_id=138
2249,NA,http://eurphon.info/languages/html?lang_id=313
2250,NA,http://eurphon.info/languages/html?lang_id=318
2251,NA,http://eurphon.info/languages/html?lang_id=3
2252,NA,http://eurphon.info/languages/html?lang_id=181
2253,NA,http://eurphon.info/languages/html?lang_id=193
2254,NA,http://eurphon.info/languages/html?lang_id=424
2255,NA,http://eurphon.info/languages/html?lang_id=207
2256,NA,http://eurphon.info/languages/html?lang_id=302
2257,NA,http://eurphon.info/languages/html?lang_id=296
2258,NA,http://eurphon.info/languages/html?lang_id=301
2259,NA,http://eurphon.info/languages/html?lang_id=162
2260,NA,http://eurphon.info/languages/html?lang_id=197
2261,NA,http://eurphon.info/languages/html?lang_id=95
2262,NA,http://eurphon.info/languages/html?lang_id=247
2263,NA,http://eurphon.info/languages/html?lang_id=140
2264,NA,http://eurphon.info/languages/html?lang_id=259
2265,NA,http://eurphon.info/languages/html?lang_id=234
2266,NA,http://eurphon.info/languages/html?lang_id=269
2267,NA,http://eurphon.info/languages/html?lang_id=20
2268,NA,http://eurphon.info/languages/html?lang_id=218
2269,NA,http://eurphon.info/languages/html?lang_id=81
2270,NA,http://eurphon.info/languages/html?lang_id=120
2271,NA,http://eurphon.info/languages/html?lang_id=421
2272,NA,http://eurphon.info/languages/html?lang_id=401
2273,NA,http://eurphon.info/languages/html?lang_id=304
2274,NA,http://eurphon.info/languages/html?lang_id=152
2275,NA,http://eurphon.info/languages/html?lang_id=167
2276,NA,http://eurphon.info/languages/html?lang_id=411
2277,NA,http://eurphon.info/languages/html?lang_id=48
2278,NA,http://eurphon.info/languages/html?lang_id=268
2279,NA,http://eurphon.info/languages/html?lang_id=420
2280,NA,http://eurphon.info/languages/html?lang_id=322
2281,NA,http://eurphon.info/languages/html?lang_id=170
2282,NA,http://eurphon.info/languages/html?lang_id=428
2283,NA,http://eurphon.info/languages/html?lang_id=464
2284,NA,http://eurphon.info/languages/html?lang_id=121
2285,NA,http://eurphon.info/languages/html?lang_id=78
2286,NA,http://eurphon.info/languages/html?lang_id=175
2287,NA,http://eurphon.info/languages/html?lang_id=92
2288,NA,http://eurphon.info/languages/html?lang_id=30
2289,NA,http://eurphon.info/languages/html?lang_id=109
2290,NA,http://eurphon.info/languages/html?lang_id=407
2291,NA,http://eurphon.info/languages/html?lang_id=262
2292,NA,http://eurphon.info/languages/html?lang_id=189
2293,NA,http://eurphon.info/languages/html?lang_id=80
2294,NA,http://eurphon.info/languages/html?lang_id=133
2295,NA,http://eurphon.info/languages/html?lang_id=155
2296,NA,http://eurphon.info/languages/html?lang_id=223
2297,NA,http://eurphon.info/languages/html?lang_id=308
2298,NA,http://eurphon.info/languages/html?lang_id=246
2299,NA,http://eurphon.info/languages/html?lang_id=319
2300,NA,http://eurphon.info/languages/html?lang_id=426
2301,NA,http://eurphon.info/languages/html?lang_id=5
2302,NA,http://eurphon.info/languages/html?lang_id=281
2303,NA,http://eurphon.info/languages/html?lang_id=442
2304,NA,http://eurphon.info/languages/html?lang_id=299
2305,NA,http://eurphon.info/languages/html?lang_id=213
2306,NA,http://eurphon.info/languages/html?lang_id=143
2307,NA,http://eurphon.info/languages/html?lang_id=237
2308,NA,http://eurphon.info/languages/html?lang_id=177
2309,NA,http://eurphon.info/languages/html?lang_id=224
2310,NA,http://eurphon.info/languages/html?lang_id=315
2311,NA,http://eurphon.info/languages/html?lang_id=427
2312,NA,http://eurphon.info/languages/html?lang_id=221
2313,NA,http://eurphon.info/languages/html?lang_id=130
2314,NA,http://eurphon.info/languages/html?lang_id=457
2315,NA,http://eurphon.info/languages/html?lang_id=241
2316,NA,http://eurphon.info/languages/html?lang_id=430
2317,NA,http://eurphon.info/languages/html?lang_id=23
2318,NA,http://eurphon.info/languages/html?lang_id=289
2319,NA,http://eurphon.info/languages/html?lang_id=176
2320,NA,http://eurphon.info/languages/html?lang_id=422
2321,NA,http://eurphon.info/languages/html?lang_id=325
2322,NA,http://eurphon.info/languages/html?lang_id=311
2323,NA,http://eurphon.info/languages/html?lang_id=104
2324,NA,http://eurphon.info/languages/html?lang_id=465
2325,NA,http://eurphon.info/languages/html?lang_id=303
2326,NA,http://eurphon.info/languages/html?lang_id=231
2327,NA,http://eurphon.info/languages/html?lang_id=179
2328,NA,http://eurphon.info/languages/html?lang_id=291
2329,NA,http://eurphon.info/languages/html?lang_id=267
2330,NA,http://eurphon.info/languages/html?lang_id=117
2331,NA,http://eurphon.info/languages/html?lang_id=272
2332,NA,http://eurphon.info/languages/html?lang_id=159
2333,NA,http://eurphon.info/languages/html?lang_id=445
2334,NA,http://eurphon.info/languages/html?lang_id=198
2335,NA,http://eurphon.info/languages/html?lang_id=115
2336,NA,http://eurphon.info/languages/html?lang_id=19
2337,NA,http://eurphon.info/languages/html?lang_id=166
2338,NA,http://eurphon.info/languages/html?lang_id=147
2339,NA,http://eurphon.info/languages/html?lang_id=229
2340,NA,http://eurphon.info/languages/html?lang_id=15
2341,NA,http://eurphon.info/languages/html?lang_id=423
2342,NA,http://eurphon.info/languages/html?lang_id=29
2343,NA,http://eurphon.info/languages/html?lang_id=65
2344,NA,http://eurphon.info/languages/html?lang_id=58
2345,NA,http://eurphon.info/languages/html?lang_id=436
2346,NA,http://eurphon.info/languages/html?lang_id=32
2347,NA,http://eurphon.info/languages/html?lang_id=100
2348,NA,http://eurphon.info/languages/html?lang_id=437
2349,NA,http://eurphon.info/languages/html?lang_id=113
2350,NA,http://eurphon.info/languages/html?lang_id=222
2351,NA,http://eurphon.info/languages/html?lang_id=463
2352,NA,http://eurphon.info/languages/html?lang_id=99
2353,NA,http://eurphon.info/languages/html?lang_id=440
2354,NA,http://eurphon.info/languages/html?lang_id=54
2355,NA,http://eurphon.info/languages/html?lang_id=215
2356,NA,http://eurphon.info/languages/html?lang_id=263
2357,NA,http://eurphon.info/languages/html?lang_id=101
2358,NA,http://eurphon.info/languages/html?lang_id=61
2359,NA,http://eurphon.info/languages/html?lang_id=321
2360,NA,http://eurphon.info/languages/html?lang_id=2
2361,NA,http://eurphon.info/languages/html?lang_id=245
2362,NA,http://eurphon.info/languages/html?lang_id=191
2363,NA,http://eurphon.info/languages/html?lang_id=196
2364,NA,http://eurphon.info/languages/html?lang_id=53
2365,NA,http://eurphon.info/languages/html?lang_id=205
2366,NA,http://eurphon.info/languages/html?lang_id=75
2367,NA,http://eurphon.info/languages/html?lang_id=450
2368,NA,http://eurphon.info/languages/html?lang_id=278
2369,NA,http://eurphon.info/languages/html?lang_id=188
2370,NA,http://eurphon.info/languages/html?lang_id=141
2371,NA,http://eurphon.info/languages/html?lang_id=425
2372,NA,http://eurphon.info/languages/html?lang_id=127
2373,NA,http://eurphon.info/languages/html?lang_id=178
2374,NA,http://eurphon.info/languages/html?lang_id=157
2375,NA,http://eurphon.info/languages/html?lang_id=25
2376,NA,http://eurphon.info/languages/html?lang_id=22
2377,NA,http://eurphon.info/languages/html?lang_id=156
2378,NA,http://eurphon.info/languages/html?lang_id=151
2379,NA,http://eurphon.info/languages/html?lang_id=258
2380,NA,http://eurphon.info/languages/html?lang_id=273
2381,NA,http://eurphon.info/languages/html?lang_id=31
2382,NA,http://eurphon.info/languages/html?lang_id=33
2383,NA,http://eurphon.info/languages/html?lang_id=82
2384,NA,http://eurphon.info/languages/html?lang_id=34
2385,NA,http://eurphon.info/languages/html?lang_id=467
2386,NA,http://eurphon.info/languages/html?lang_id=145
2387,NA,http://eurphon.info/languages/html?lang_id=62
2388,NA,http://eurphon.info/languages/html?lang_id=174
2389,NA,http://eurphon.info/languages/html?lang_id=466
2390,NA,http://eurphon.info/languages/html?lang_id=142
2391,NA,http://eurphon.info/languages/html?lang_id=239
2392,NA,http://eurphon.info/languages/html?lang_id=148
2393,NA,http://eurphon.info/languages/html?lang_id=76
2394,NA,http://eurphon.info/languages/html?lang_id=139
2395,NA,http://eurphon.info/languages/html?lang_id=44
2396,NA,http://eurphon.info/languages/html?lang_id=24
2397,NA,http://eurphon.info/languages/html?lang_id=59
2398,NA,http://eurphon.info/languages/html?lang_id=212
2399,NA,http://eurphon.info/languages/html?lang_id=314
2400,NA,http://eurphon.info/languages/html?lang_id=438
2401,NA,http://eurphon.info/languages/html?lang_id=419
2402,NA,http://eurphon.info/languages/html?lang_id=433
2403,NA,http://eurphon.info/languages/html?lang_id=236
2404,NA,http://eurphon.info/languages/html?lang_id=316
2405,NA,http://eurphon.info/languages/html?lang_id=217
2406,NA,http://eurphon.info/languages/html?lang_id=238
2407,NA,http://eurphon.info/languages/html?lang_id=64
2408,NA,http://eurphon.info/languages/html?lang_id=462
2409,NA,NA
2410,NA,http://eurphon.info/languages/html?lang_id=4
2411,NA,http://eurphon.info/languages/html?lang_id=294
2412,NA,http://eurphon.info/languages/html?lang_id=110
2413,NA,http://eurphon.info/languages/html?lang_id=123
2414,NA,http://eurphon.info/languages/html?lang_id=455
2415,NA,http://eurphon.info/languages/html?lang_id=47
2416,NA,http://eurphon.info/languages/html?lang_id=154
2417,NA,http://eurphon.info/languages/html?lang_id=277
2418,NA,http://eurphon.info/languages/html?lang_id=209
2419,NA,http://eurphon.info/languages/html?lang_id=403
2420,NA,http://eurphon.info/languages/html?lang_id=306
2421,NA,http://eurphon.info/languages/html?lang_id=251
2422,NA,http://eurphon.info/languages/html?lang_id=458
2423,NA,http://eurphon.info/languages/html?lang_id=131
2424,NA,http://eurphon.info/languages/html?lang_id=378
2425,NA,http://eurphon.info/languages/html?lang_id=444
2426,NA,http://eurphon.info/languages/html?lang_id=160
2427,NA,http://eurphon.info/languages/html?lang_id=69
2428,NA,http://eurphon.info/languages/html?lang_id=182
2429,NA,http://eurphon.info/languages/html?lang_id=225
2430,NA,http://eurphon.info/languages/html?lang_id=73
2431,NA,http://eurphon.info/languages/html?lang_id=410
2432,NA,http://eurphon.info/languages/html?lang_id=459
2433,NA,http://eurphon.info/languages/html?lang_id=265
2434,NA,http://eurphon.info/languages/html?lang_id=89
2435,NA,http://eurphon.info/languages/html?lang_id=183
2436,NA,NA
2437,NA,http://eurphon.info/languages/html?lang_id=287
2438,NA,http://eurphon.info/languages/html?lang_id=405
2439,NA,http://eurphon.info/languages/html?lang_id=210
2440,NA,http://eurphon.info/languages/html?lang_id=164
2441,NA,http://eurphon.info/languages/html?lang_id=125
2442,NA,http://eurphon.info/languages/html?lang_id=285
2443,NA,http://eurphon.info/languages/html?lang_id=158
2444,NA,http://eurphon.info/languages/html?lang_id=320
2445,NA,http://eurphon.info/languages/html?lang_id=280
2446,NA,http://eurphon.info/languages/html?lang_id=208
2447,NA,http://eurphon.info/languages/html?lang_id=283
2448,NA,http://eurphon.info/languages/html?lang_id=98
2449,NA,http://eurphon.info/languages/html?lang_id=43
2450,NA,http://eurphon.info/languages/html?lang_id=119
2451,NA,http://eurphon.info/languages/html?lang_id=286
2452,NA,http://eurphon.info/languages/html?lang_id=39
2453,NA,http://eurphon.info/languages/html?lang_id=235
2454,NA,http://eurphon.info/languages/html?lang_id=276
2455,NA,http://eurphon.info/languages/html?lang_id=68
2456,NA,http://eurphon.info/languages/html?lang_id=60
2457,NA,http://eurphon.info/languages/html?lang_id=106
2458,NA,http://eurphon.info/languages/html?lang_id=1
2459,NA,http://eurphon.info/languages/html?lang_id=228
2460,NA,http://eurphon.info/languages/html?lang_id=216
2461,NA,http://eurphon.info/languages/html?lang_id=199
2462,NA,http://eurphon.info/languages/html?lang_id=190
2463,NA,http://eurphon.info/languages/html?lang_id=204
2464,NA,http://eurphon.info/languages/html?lang_id=74
2465,NA,http://eurphon.info/languages/html?lang_id=72
2466,NA,http://eurphon.info/languages/html?lang_id=94
2467,NA,http://eurphon.info/languages/html?lang_id=55
2468,NA,http://eurphon.info/languages/html?lang_id=404
2469,NA,http://eurphon.info/languages/html?lang_id=129
2470,NA,http://eurphon.info/languages/html?lang_id=38
2471,NA,http://eurphon.info/languages/html?lang_id=163
2472,NA,http://eurphon.info/languages/html?lang_id=446
2473,NA,http://eurphon.info/languages/html?lang_id=93
2474,NA,http://eurphon.info/languages/html?lang_id=153
2475,NA,http://eurphon.info/languages/html?lang_id=86
2476,NA,http://eurphon.info/languages/html?lang_id=460
2477,NA,http://eurphon.info/languages/html?lang_id=295
2478,NA,http://eurphon.info/languages/html?lang_id=233
2479,NA,http://eurphon.info/languages/html?lang_id=292
2480,NA,http://eurphon.info/languages/html?lang_id=414
2481,NA,http://eurphon.info/languages/html?lang_id=194
2482,NA,http://eurphon.info/languages/html?lang_id=173
2483,NA,http://eurphon.info/languages/html?lang_id=168
2484,NA,http://eurphon.info/languages/html?lang_id=250
2485,NA,http://eurphon.info/languages/html?lang_id=275
2486,NA,http://eurphon.info/languages/html?lang_id=452
2487,NA,http://eurphon.info/languages/html?lang_id=28
2488,NA,http://eurphon.info/languages/html?lang_id=429
2489,NA,http://eurphon.info/languages/html?lang_id=128
2490,NA,http://eurphon.info/languages/html?lang_id=256
2491,NA,http://eurphon.info/languages/html?lang_id=249
2492,NA,http://eurphon.info/languages/html?lang_id=456
2493,NA,http://eurphon.info/languages/html?lang_id=83
2494,NA,http://eurphon.info/languages/html?lang_id=85
2495,NA,http://eurphon.info/languages/html?lang_id=206
2496,NA,http://eurphon.info/languages/html?lang_id=7
2497,NA,http://eurphon.info/languages/html?lang_id=169
2498,NA,http://eurphon.info/languages/html?lang_id=243
2499,NA,http://eurphon.info/languages/html?lang_id=201
2500,NA,http://eurphon.info/languages/html?lang_id=257
2501,NA,http://eurphon.info/languages/html?lang_id=52
2502,NA,http://eurphon.info/languages/html?lang_id=226
2503,NA,http://eurphon.info/languages/html?lang_id=118
2504,NA,http://eurphon.info/languages/html?lang_id=172
2505,NA,http://eurphon.info/languages/html?lang_id=469
2506,NA,http://eurphon.info/languages/html?lang_id=415
2507,NA,http://eurphon.info/languages/html?lang_id=451
2508,NA,http://eurphon.info/languages/html?lang_id=447
2509,NA,http://eurphon.info/languages/html?lang_id=463
2510,NA,http://eurphon.info/languages/html?lang_id=36
2511,NA,http://eurphon.info/languages/html?lang_id=200
2512,NA,http://eurphon.info/languages/html?lang_id=412
2513,NA,http://eurphon.info/languages/html?lang_id=211
2514,NA,http://eurphon.info/languages/html?lang_id=21
2515,NA,http://eurphon.info/languages/html?lang_id=441
2516,NA,http://eurphon.info/languages/html?lang_id=6
2517,NA,http://eurphon.info/languages/html?lang_id=454
2518,NA,http://eurphon.info/languages/html?lang_id=122
2519,NA,http://eurphon.info/languages/html?lang_id=219
2520,NA,http://eurphon.info/languages/html?lang_id=255
2521,NA,http://eurphon.info/languages/html?lang_id=417
2522,NA,http://eurphon.info/languages/html?lang_id=448
2523,NA,http://eurphon.info/languages/html?lang_id=56
2524,NA,http://eurphon.info/languages/html?lang_id=114
2525,NA,http://eurphon.info/languages/html?lang_id=253
2526,NA,http://eurphon.info/languages/html?lang_id=307
2527,NA,http://eurphon.info/languages/html?lang_id=108
2528,NA,http://eurphon.info/languages/html?lang_id=136
2529,NA,http://eurphon.info/languages/html?lang_id=49
2530,NA,http://eurphon.info/languages/html?lang_id=186
2531,NA,http://eurphon.info/languages/html?lang_id=132
2532,NA,http://eurphon.info/languages/html?lang_id=416
2533,NA,http://eurphon.info/languages/html?lang_id=70
2534,NA,http://eurphon.info/languages/html?lang_id=242
2535,NA,http://eurphon.info/languages/html?lang_id=27
2536,NA,http://eurphon.info/languages/html?lang_id=439
2537,NA,http://eurphon.info/languages/html?lang_id=203
2538,NA,http://eurphon.info/languages/html?lang_id=102
2539,NA,http://eurphon.info/languages/html?lang_id=11
2540,NA,http://eurphon.info/languages/html?lang_id=282
2541,NA,http://eurphon.info/languages/html?lang_id=230
2542,NA,http://eurphon.info/languages/html?lang_id=279
2543,NA,http://eurphon.info/languages/html?lang_id=187
2544,NA,http://eurphon.info/languages/html?lang_id=40
2545,NA,http://eurphon.info/languages/html?lang_id=107
2546,NA,http://eurphon.info/languages/html?lang_id=252
2547,NA,http://eurphon.info/languages/html?lang_id=67
2548,NA,http://eurphon.info/languages/html?lang_id=8
2549,NA,http://eurphon.info/languages/html?lang_id=17
2550,NA,http://eurphon.info/languages/html?lang_id=165
2551,NA,http://eurphon.info/languages/html?lang_id=449
2552,NA,http://eurphon.info/languages/html?lang_id=63
2553,NA,http://eurphon.info/languages/html?lang_id=317
2554,NA,http://eurphon.info/languages/html?lang_id=26
2555,NA,http://eurphon.info/languages/html?lang_id=227
2556,NA,http://eurphon.info/languages/html?lang_id=149
2557,NA,http://eurphon.info/languages/html?lang_id=161
2558,NA,http://eurphon.info/languages/html?lang_id=88
2559,NA,http://eurphon.info/languages/html?lang_id=288
2560,NA,http://eurphon.info/languages/html?lang_id=9
2561,NA,http://eurphon.info/languages/html?lang_id=409
2562,NA,http://eurphon.info/languages/html?lang_id=10
2563,NA,http://eurphon.info/languages/html?lang_id=66
2564,NA,http://eurphon.info/languages/html?lang_id=271
2565,NA,http://eurphon.info/languages/html?lang_id=37
2566,NA,http://eurphon.info/languages/html?lang_id=103
2567,NA,http://eurphon.info/languages/html?lang_id=310
2568,NA,http://eurphon.info/languages/html?lang_id=323
2569,NA,http://eurphon.info/languages/html?lang_id=41
2570,NA,http://eurphon.info/languages/html?lang_id=16
2571,NA,http://eurphon.info/languages/html?lang_id=406
2572,NA,http://eurphon.info/languages/html?lang_id=134
2573,NA,http://eurphon.info/languages/html?lang_id=111
2574,NA,http://eurphon.info/languages/html?lang_id=413
2575,NA,http://eurphon.info/languages/html?lang_id=79
2576,NA,http://eurphon.info/languages/html?lang_id=260
2577,NA,http://eurphon.info/languages/html?lang_id=408
2578,NA,http://eurphon.info/languages/html?lang_id=13
2579,NA,http://eurphon.info/languages/html?lang_id=90
2580,NA,http://eurphon.info/languages/html?lang_id=164
2581,NA,http://eurphon.info/languages/html?lang_id=434
2582,NA,http://eurphon.info/languages/html?lang_id=309
2583,NA,http://eurphon.info/languages/html?lang_id=402
2584,NA,http://eurphon.info/languages/html?lang_id=144
2585,NA,http://eurphon.info/languages/html?lang_id=266
2586,NA,http://eurphon.info/languages/html?lang_id=244
2587,NA,http://eurphon.info/languages/html?lang_id=270
2588,NA,http://eurphon.info/languages/html?lang_id=220
2589,NA,http://eurphon.info/languages/html?lang_id=171
2590,NA,http://eurphon.info/languages/html?lang_id=297
2591,NA,http://eurphon.info/languages/html?lang_id=254
2592,NA,http://eurphon.info/languages/html?lang_id=264
2593,NA,http://eurphon.info/languages/html?lang_id=45
2594,NA,http://eurphon.info/languages/html?lang_id=443
2595,NA,http://eurphon.info/languages/html?lang_id=284
2596,NA,http://eurphon.info/languages/html?lang_id=18
2597,NA,http://eurphon.info/languages/html?lang_id=126
2598,NA,http://eurphon.info/languages/html?lang_id=112
2599,NA,http://eurphon.info/languages/html?lang_id=91
2600,NA,http://eurphon.info/languages/html?lang_id=84
2601,NA,http://eurphon.info/languages/html?lang_id=14
2602,NA,http://eurphon.info/languages/html?lang_id=184
2603,NA,http://eurphon.info/languages/html?lang_id=432
2604,NA,http://eurphon.info/languages/html?lang_id=195
2605,NA,http://eurphon.info/languages/html?lang_id=261
2606,NA,http://eurphon.info/languages/html?lang_id=290
2607,NA,http://eurphon.info/languages/html?lang_id=135
2608,NA,http://eurphon.info/languages/html?lang_id=293
2609,NA,http://eurphon.info/languages/html?lang_id=46
2610,NA,http://eurphon.info/languages/html?lang_id=418
2611,NA,http://eurphon.info/languages/html?lang_id=77
2612,NA,http://eurphon.info/languages/html?lang_id=137
2613,NA,http://eurphon.info/languages/html?lang_id=105
2614,NA,http://eurphon.info/languages/html?lang_id=124
2615,NA,http://eurphon.info/languages/html?lang_id=468
2616,NA,http://eurphon.info/languages/html?lang_id=116
2617,NA,http://eurphon.info/languages/html?lang_id=51
2618,NA,http://eurphon.info/languages/html?lang_id=435
2619,NA,http://eurphon.info/languages/html?lang_id=180
2620,NA,http://eurphon.info/languages/html?lang_id=192
2621,NA,http://eurphon.info/languages/html?lang_id=300
2622,NA,http://eurphon.info/languages/html?lang_id=185
2623,NA,http://eurphon.info/languages/html?lang_id=146
2624,NA,http://eurphon.info/languages/html?lang_id=305
2625,NA,http://eurphon.info/languages/html?lang_id=312
2626,NA,http://eurphon.info/languages/html?lang_id=461
2627,NA,http://eurphon.info/languages/html?lang_id=96
2628,NA,http://eurphon.info/languages/html?lang_id=453
2629,NA,NA
2630,NA,NA
2631,NA,NA
2632,NA,NA
2633,NA,NA
2634,NA,NA
2635,NA,NA
2636,NA,NA
2637,NA,NA
2638,NA,NA
2639,NA,NA
2640,NA,NA
2641,NA,NA
2642,NA,NA
2643,NA,NA
2644,NA,NA
2645,NA,NA
2646,NA,NA
2647,NA,NA
2648,NA,NA
2649,NA,NA
2650,NA,NA
2651,NA,NA
2652,NA,NA
2653,NA,NA
2654,NA,NA
2655,NA,NA
2656,NA,NA
2657,NA,NA
2658,NA,NA
2659,NA,NA
2660,NA,NA
2661,NA,NA
2662,NA,NA
2663,NA,NA
2664,NA,NA
2665,NA,NA
2666,NA,NA
2667,NA,NA
2668,NA,NA
2669,NA,NA
2670,NA,NA
2671,NA,NA
2672,NA,NA
2673,NA,NA
2674,NA,NA
2675,NA,NA
2676,NA,NA
2677,NA,NA
2678,NA,NA
2679,NA,NA
2680,NA,NA
2681,NA,NA
2682,NA,NA
2683,NA,NA
2684,NA,NA
2685,NA,NA
2686,NA,NA
2687,NA,NA
2688,NA,NA
2689,NA,NA
2690,NA,NA
2691,NA,NA
2692,NA,NA
2693,NA,NA
2694,NA,NA
2695,NA,NA
2696,NA,NA
2697,NA,NA
2698,NA,NA
2699,NA,NA
2700,NA,NA
2701,NA,NA
2702,Breen2001.pdf,NA
2703,NA,NA
2704,NA,NA
2705,Breen2001.pdf,NA
2706,Breen2001.pdf,NA
2707,Breen2001.pdf,NA
2708,Breen2001.pdf,NA
2709,Breen2001.pdf,NA
2710,Breen2001.pdf,NA
2711,NA,NA
2712,NA,NA
2713,NA,NA
2714,NA,NA
2715,NA,NA
2716,NA,NA
2717,NA,NA
2718,NA,NA
2719,NA,NA
2720,NA,NA
2721,NA,NA
2722,NA,NA
2723,NA,NA
2724,NA,NA
2725,NA,NA
2726,NA,NA
2727,NA,NA
2728,NA,NA
2729,NA,NA
2730,NA,NA
2731,NA,NA
2732,NA,NA
2733,NA,NA
2734,NA,NA
2735,NA,NA
2736,NA,NA
2737,NA,NA
2738,NA,NA
2739,NA,NA
2740,NA,NA
2741,NA,NA
2742,NA,NA
2743,NA,NA
2744,NA,NA
2745,NA,NA
2746,NA,NA
2747,NA,NA
2748,NA,NA
2749,NA,NA
2750,NA,NA
2751,NA,NA
2752,NA,NA
2753,NA,NA
2754,NA,NA
2755,NA,NA
2756,NA,NA
2757,NA,NA
2758,NA,NA
2759,NA,NA
2760,NA,NA
2761,NA,NA
2762,NA,NA
2763,NA,NA
2764,NA,NA
2765,NA,NA
2766,NA,NA
2767,NA,NA
2768,NA,NA
2769,NA,NA
2770,NA,NA
2771,NA,NA
2772,NA,NA
2773,NA,NA
2774,NA,NA
2775,NA,NA
2776,NA,NA
2777,NA,NA
2778,NA,NA
2779,NA,NA
2780,NA,NA
2781,NA,NA
2782,Blake2011.pdf,NA
2783,Blake2011.pdf,NA
2784,NA,NA
2785,Blake2011.pdf,NA
2786,NA,NA
2787,NA,NA
2788,NA,NA
2789,NA,NA
2790,NA,NA
2791,NA,NA
2792,NA,NA
2793,NA,NA
2794,NA,NA
2795,NA,NA
2796,NA,NA
2797,NA,NA
2798,terrill_biri_1998,NA
2799,terrill_biri_1998,NA
2800,terrill_biri_1998,NA
2801,terrill_biri_1998,NA
2802,terrill_biri_1998,NA
2803,terrill_biri_1998,NA
2804,terrill_biri_1998,NA
2805,terrill_biri_1998,NA
2806,terrill_biri_1998,NA
2807,terrill_biri_1998,NA
2808,terrill_biri_1998,NA
2809,terrill_biri_1998,NA
2810,terrill_biri_1998,NA
2811,terrill_biri_1998,NA
2812,NA,NA
2813,NA,NA
2814,NA,NA
2815,NA,NA
2816,NA,NA
2817,NA,NA
2818,NA,NA
2819,NA,NA
2820,NA,NA
2821,NA,NA
2822,terrill_biri_1998,NA
2823,NA,NA
2824,NA,NA
2825,NA,NA
2826,NA,NA
2827,NA,NA
2828,NA,NA
2829,NA,NA
2830,NA,NA
2831,NA,NA
2832,NA,NA
2833,NA,NA
2834,NA,NA
2835,NA,NA
2836,NA,NA
2837,NA,NA
2838,NA,NA
2839,NA,NA
2840,NA,NA
2841,NA,NA
2842,NA,NA
2843,NA,NA
2844,NA,NA
2845,NA,NA
2846,NA,NA
2847,NA,NA
2848,NA,NA
2849,NA,NA
2850,NA,NA
2851,NA,NA
2852,NA,NA
2853,NA,NA
2854,NA,NA
2855,NA,NA
2856,NA,NA
2857,NA,NA
2858,NA,NA
2859,NA,NA
2860,NA,NA
2861,NA,NA
2862,NA,NA
2863,NA,NA
2864,NA,NA
2865,NA,NA
2866,NA,NA
2867,NA,NA
2868,NA,NA
2869,NA,NA
2870,NA,NA
2871,NA,NA
2872,NA,NA
2873,NA,NA
2874,NA,NA
2875,NA,NA
2876,NA,NA
2877,NA,NA
2878,NA,NA
2879,NA,NA
2880,NA,NA
2881,NA,NA
2882,NA,NA
2883,NA,NA
2884,NA,NA
2885,NA,NA
2886,NA,NA
2887,NA,NA
2888,NA,NA
2889,NA,NA
2890,NA,NA
2891,NA,NA
2892,NA,NA
2893,NA,NA
2894,NA,NA
2895,NA,NA
2896,NA,NA
2897,NA,NA
2898,NA,NA
2899,NA,NA
2900,NA,NA
2901,NA,NA
2902,NA,NA
2903,NA,NA
2904,NA,NA
2905,NA,NA
2906,NA,NA
2907,NA,NA
2908,NA,NA
2909,NA,NA
2910,NA,NA
2911,NA,NA
2912,NA,NA
2913,NA,NA
2914,NA,NA
2915,NA,NA
2916,NA,NA
2917,NA,NA
2918,NA,NA
2919,NA,NA
2920,NA,NA
2921,NA,NA
2922,NA,NA
2923,NA,NA
2924,NA,NA
2925,NA,NA
2926,NA,NA
2927,NA,NA
2928,NA,NA
2929,NA,NA
2930,NA,NA
2931,NA,NA
2932,NA,NA
2933,NA,NA
2934,NA,NA
2935,NA,NA
2936,NA,NA
2937,NA,NA
2938,NA,NA
2939,NA,NA
2940,NA,NA
2941,NA,NA
2942,NA,NA
2943,NA,NA
2944,NA,NA
2945,NA,NA
2946,NA,NA
2947,NA,NA
2948,NA,NA
2949,NA,NA
2950,NA,NA
2951,NA,NA
2952,NA,NA
2953,NA,NA
2954,NA,NA
2955,NA,NA
2956,NA,NA
2957,NA,NA
2958,NA,NA
2959,NA,NA
2960,NA,NA
2961,NA,NA
2962,NA,NA
2963,NA,NA
2964,NA,NA
2965,NA,NA
2966,NA,NA
2967,NA,NA
2968,NA,NA
2969,NA,NA
2970,NA,NA
2971,NA,NA
2972,NA,NA
2973,NA,NA
2974,NA,NA
2975,NA,NA
2976,NA,NA
2977,NA,NA
2978,NA,NA
2979,NA,NA
2980,NA,NA
2981,NA,NA
2982,NA,NA
2983,NA,NA
2984,NA,NA
2985,NA,NA
2986,NA,NA
2987,NA,NA
2988,Blake2011.pdf,NA
2989,NA,NA
2990,NA,NA
2991,NA,NA
2992,NA,NA
2993,NA,NA
2994,NA,NA
2995,NA,NA
2996,NA,NA
2997,NA,NA
2998,NA,NA
2999,NA,NA
3000,NA,NA
3001,NA,NA
3002,NA,NA
3003,NA,NA
3004,NA,NA
3005,NA,NA
3006,NA,NA
3007,NA,NA
3008,NA,NA
3009,NA,NA
3010,NA,NA
3011,NA,NA
3012,NA,NA
3013,NA,NA
3014,NA,NA
3015,NA,NA
3016,NA,NA
3017,NA,NA
3018,NA,NA
3019,Blake2011.pdf,NA
3020,NA,NA
